"lakeid","sampledate","mean_DOC"
"AL",1985-08-19,5.15333333333333
"AL",1986-03-03,3.61333333333333
"AL",1986-04-24,3.55666666666667
"AL",1986-05-20,3.7075
"AL",1986-06-18,4.0475
"AL",1986-07-16,4.1675
"AL",1986-08-13,5.075
"AL",1986-09-10,4.88333333333333
"AL",1986-10-09,5.02
"AL",1986-11-03,4.93333333333333
"AL",1987-01-20,4.31666666666667
"AL",1987-02-24,4.1425
"AL",1987-03-19,4.12
"AL",1987-04-15,3.34666666666667
"AL",1987-05-18,3.805
"AL",1987-06-11,3.8
"AL",1987-07-13,3.91
"AL",1987-08-13,4.685
"AL",1987-09-10,4.73333333333333
"AL",1987-10-05,4.50333333333333
"AL",1987-11-05,4.1
"AL",1988-01-11,4.0275
"AL",1988-03-02,3.8375
"AL",1988-03-21,3.27
"AL",1988-04-26,3.31333333333333
"AL",1988-05-25,3.4075
"AL",1988-06-20,3.775
"AL",1988-07-19,3.91333333333333
"AL",1988-08-18,4.625
"AL",1988-09-13,4.66333333333333
"AL",1988-10-12,4.41666666666667
"AL",1988-11-02,4.51333333333333
"AL",1989-01-11,4.16333333333333
"AL",1989-03-06,3.63666666666667
"AL",1989-03-27,3.3825
"AL",1989-05-01,3.82333333333333
"AL",1989-05-29,3.775
"AL",1989-06-28,4.18
"AL",1989-07-25,4.5175
"AL",1989-08-22,4.35
"AL",1989-09-19,4.235
"AL",1989-10-18,4.03
"AL",1989-11-09,4.06666666666667
"AL",1990-01-24,3.4
"AL",1990-02-27,3.825
"AL",1990-03-27,3.85
"AL",1990-04-30,3.62
"AL",1990-05-30,3.8
"AL",1990-06-27,4.0225
"AL",1990-07-24,4.375
"AL",1990-08-22,4.69
"AL",1990-09-18,4.94
"AL",1990-10-17,4.81
"AL",1990-11-09,5.00666666666667
"AL",1991-01-17,4.4
"AL",1991-02-19,4.25
"AL",1991-03-25,3.95666666666667
"AL",1991-05-07,3.88333333333333
"AL",1991-06-04,4.2925
"AL",1991-07-03,4.7625
"AL",1991-07-30,4.6125
"AL",1991-08-27,5.72
"AL",1991-09-23,4.52
"AL",1991-10-28,4.42333333333333
"AL",1992-01-17,3.90666666666667
"AL",1992-03-04,3.62
"AL",1992-03-23,3.59
"AL",1992-05-05,3.72
"AL",1992-06-01,3.6525
"AL",1992-07-07,4.1525
"AL",1992-07-29,4.4525
"AL",1992-08-26,4.1175
"AL",1992-09-21,4.90333333333333
"AL",1992-10-21,4.26
"AL",1992-11-06,4.10333333333333
"AL",1993-01-08,3.42666666666667
"AL",1993-02-23,3.48666666666667
"AL",1993-03-23,3.16
"AL",1993-05-03,3.29666666666667
"AL",1993-06-04,4.0725
"AL",1993-06-30,3.93333333333333
"AL",1993-07-26,3.815
"AL",1993-08-26,3.79
"AL",1993-09-22,4.065
"AL",1993-10-21,3.92
"AL",1993-11-03,3.91
"AL",1994-01-10,3.97
"AL",1994-02-22,3.20666666666667
"AL",1994-03-29,2.68666666666667
"AL",1994-05-03,3.16
"AL",1994-06-06,3.5125
"AL",1994-06-27,3.6
"AL",1994-07-27,4.4375
"AL",1994-08-25,4.8975
"AL",1994-09-21,4.6575
"AL",1994-10-17,4.45666666666667
"AL",1994-11-17,4.23666666666667
"AL",1995-01-11,3.44
"AL",1995-02-21,2.81
"AL",1995-05-01,3.34666666666667
"AL",1995-05-30,3.4275
"AL",1995-06-26,3.8025
"AL",1995-07-26,4.47
"AL",1995-08-21,6.51
"AL",1995-09-18,4.59333333333333
"AL",1995-10-16,4.40333333333333
"AL",1995-12-14,4.05
"AL",1996-01-16,3.33
"AL",1996-02-20,3.13666666666667
"AL",1996-04-08,3.43666666666667
"AL",1996-05-14,4.21333333333333
"AL",1996-06-12,4.125
"AL",1996-07-11,4.505
"AL",1996-08-08,4.495
"AL",1996-09-03,5.15
"AL",1996-10-02,4.15333333333333
"AL",1996-11-04,4.35
"AL",1997-01-20,3.44
"AL",1997-02-26,3.15666666666667
"AL",1997-03-19,3.85333333333333
"AL",1997-05-13,3.74333333333333
"AL",1997-06-03,3.59
"AL",1997-07-02,4.0975
"AL",1997-07-31,4.3125
"AL",1997-08-27,4.975
"AL",1997-09-25,4.31
"AL",1997-10-20,4.30666666666667
"AL",1997-11-07,4.08
"AL",1998-01-19,3.19333333333333
"AL",1998-02-24,3.08333333333333
"AL",1998-03-16,3.16666666666667
"AL",1998-04-22,3.43333333333333
"AL",1998-05-18,3.58666666666667
"AL",1998-06-17,5.525
"AL",1998-07-13,4.2025
"AL",1998-08-11,5.2775
"AL",1998-09-09,6.56666666666667
"AL",1998-10-05,4.26333333333333
"AL",1998-11-04,4.31333333333333
"AL",1999-01-21,3.16
"AL",1999-02-25,3.12333333333333
"AL",1999-03-23,3.14333333333333
"AL",1999-05-06,3.56
"AL",1999-06-04,4.3075
"AL",1999-06-28,4.8725
"AL",1999-07-28,4.6225
"AL",1999-08-26,5.4175
"AL",1999-09-22,4.745
"AL",1999-10-19,4.82333333333333
"AL",1999-11-05,4.69333333333333
"AL",2000-01-26,3.99
"AL",2000-02-24,3.23333333333333
"AL",2000-04-03,3.32666666666667
"AL",2000-05-04,3.7625
"AL",2000-06-02,3.6475
"AL",2000-06-29,4.0325
"AL",2000-07-24,5.0475
"AL",2000-08-23,5.235
"AL",2000-09-19,4.79333333333333
"AL",2000-10-16,4.74
"AL",2000-11-15,4.15
"AL",2001-01-26,3.35333333333333
"AL",2001-03-02,2.74333333333333
"AL",2001-04-02,3.17
"AL",2001-05-01,3.75
"AL",2001-05-29,3.595
"AL",2001-06-25,4.2675
"AL",2001-07-23,4.045
"AL",2001-08-23,5.1175
"AL",2001-09-17,4.2925
"AL",2001-10-15,3.99666666666667
"AL",2001-11-14,4.26333333333333
"AL",2002-01-23,3.98666666666667
"AL",2002-03-05,3.34666666666667
"AL",2002-04-04,3.46
"AL",2002-04-23,3.60333333333333
"AL",2002-05-20,3.93333333333333
"AL",2002-06-17,4.015
"AL",2002-07-16,4.38333333333333
"AL",2002-08-14,5.5025
"AL",2002-09-09,5.045
"AL",2002-10-09,4.98
"AL",2002-11-04,5.17
"AL",2003-01-24,4.6
"AL",2003-02-26,4.49333333333333
"AL",2003-04-30,3.79
"AL",2003-05-29,4.4525
"AL",2003-06-23,4.885
"AL",2003-07-07,4.4
"AL",2003-07-23,4.3775
"AL",2003-08-18,5.09
"AL",2003-09-17,4.62333333333333
"AL",2003-10-13,4.48333333333333
"AL",2003-11-19,4.86
"AL",2004-01-14,3.59
"AL",2004-02-19,3.54333333333333
"AL",2004-03-31,2.665
"AL",2004-04-27,4.13
"AL",2004-05-24,4
"AL",2004-06-21,4.215
"AL",2004-07-22,4.28
"AL",2004-08-16,4.0675
"AL",2004-09-10,4.58333333333333
"AL",2004-10-11,4.17333333333333
"AL",2004-11-09,4.16666666666667
"AL",2005-01-10,3.59333333333333
"AL",2005-02-23,3.88333333333333
"AL",2005-04-01,4.36
"AL",2005-04-19,3.29666666666667
"AL",2005-05-16,3.29333333333333
"AL",2005-06-14,4.2475
"AL",2005-07-11,4.0275
"AL",2005-08-08,4.44666666666667
"AL",2005-09-06,4.03666666666667
"AL",2005-10-03,4.26
"AL",2005-11-08,4.79666666666667
"AL",2006-01-10,3.68333333333333
"AL",2006-02-27,3.17333333333333
"AL",2006-03-28,2.89333333333333
"AL",2006-04-20,3.57666666666667
"AL",2006-05-16,3.34333333333333
"AL",2006-07-11,4.62
"AL",2006-08-09,4.1925
"AL",2006-09-05,3.6475
"AL",2006-10-04,3.94333333333333
"AL",2006-10-31,3.98333333333333
"AL",2007-01-24,2.64333333333333
"AL",2007-02-23,2.66666666666667
"AL",2007-03-26,2.49666666666667
"AL",2007-04-23,3.19
"AL",2007-05-21,3.405
"AL",2007-06-19,3.5975
"AL",2007-07-16,3.5575
"AL",2007-08-15,3.7875
"AL",2007-09-10,3.9125
"AL",2007-10-08,5.9
"AL",2007-11-08,3.78666666666667
"AL",2008-01-15,3.16333333333333
"AL",2008-03-03,2.85333333333333
"AL",2008-03-25,2.79
"AL",2008-05-08,4.12666666666667
"AL",2008-06-02,3.455
"AL",2008-06-30,3.9775
"AL",2008-07-28,3.9025
"AL",2008-08-25,4.2125
"AL",2008-09-22,3.97
"AL",2008-10-20,3.81333333333333
"AL",2008-11-06,3.66333333333333
"AL",2009-01-20,3.07
"AL",2009-02-23,3.14666666666667
"AL",2009-03-17,3.21666666666667
"AL",2009-04-27,3.42333333333333
"AL",2009-05-26,3.39
"AL",2009-06-22,3.8925
"AL",2009-07-21,4.145
"AL",2009-08-19,3.975
"AL",2009-09-14,3.6725
"AL",2009-10-14,3.93
"AL",2009-11-09,4.16
"AL",2010-01-19,6.23666666666667
"AL",2010-02-16,3.9
"AL",2010-03-22,4.59333333333333
"AL",2010-04-12,3.58333333333333
"AL",2010-05-12,0.8
"AL",2010-06-07,3.9275
"AL",2010-07-08,4.2225
"AL",2010-08-02,3.845
"AL",2010-08-31,4.7925
"AL",2010-09-29,5.25333333333333
"AL",2010-10-28,4.945
"AL",2010-11-10,14.9433333333333
"AL",2011-01-19,3.77
"AL",2011-02-15,3.48333333333333
"AL",2011-03-16,3.67666666666667
"AL",2011-05-02,3.62
"AL",2011-05-31,3.92
"AL",2011-06-27,3.79
"AL",2011-08-22,4.09
"AL",2012-01-16,3.31666666666667
"AL",2012-02-23,2.76333333333333
"AL",2012-04-03,3.47333333333333
"AL",2012-04-30,3.80333333333333
"AL",2012-05-29,3.965
"AL",2012-06-26,3.8175
"AL",2012-07-25,3.9225
"AL",2012-08-20,3.6825
"AL",2012-09-19,3.80666666666667
"AL",2012-10-18,3.81333333333333
"AL",2012-11-09,3.48666666666667
"AL",2013-01-25,3.45333333333333
"AL",2013-02-25,3.43666666666667
"AL",2013-03-27,15.61
"AL",2013-05-14,3.03333333333333
"AL",2013-06-10,4.9
"AL",2013-07-11,4.2375
"AL",2013-08-07,4.07
"AL",2013-09-03,4.205
"AL",2013-10-01,3.89666666666667
"AL",2013-10-30,4.82
"AL",2013-11-07,5.28
"AL",2014-01-17,3.81333333333333
"AL",2014-03-18,3.88
"AL",2014-03-27,3.65333333333333
"AL",2014-05-20,4.50666666666667
"AL",2014-06-17,4.935
"AL",2014-07-14,4.97
"AL",2014-08-12,4.5825
"AL",2014-09-08,4.73
"AL",2014-10-06,5.01333333333333
"AL",2014-11-03,5.06666666666667
"AL",2015-01-19,3.68333333333333
"AL",2015-02-24,3.82666666666667
"AL",2015-03-23,5.04
"AL",2015-04-21,3.61666666666667
"AL",2015-05-19,4.0775
"AL",2015-06-18,4.0875
"AL",2015-07-13,4.13
"AL",2015-08-10,4.13
"AL",2015-09-08,4.38666666666667
"AL",2015-10-06,4.53666666666667
"AL",2015-11-09,4.39
"AL",2016-01-28,4.81666666666667
"AL",2016-03-08,3.71666666666667
"AL",2016-04-25,3.88
"AL",2016-05-23,3.765
"AL",2016-06-20,4.5675
"AL",2016-07-20,4.3875
"AL",2016-08-18,4.4
"AL",2016-09-12,5.455
"AL",2016-10-11,5.22333333333333
"AL",2016-11-10,5.43
"AL",2017-01-16,3.77
"AL",2017-02-20,4.09333333333333
"AL",2017-03-21,3.76666666666667
"AL",2017-04-17,4.01666666666667
"AL",2017-05-16,4.19
"AL",2017-06-14,4.89
"AL",2017-07-12,5.31
"AL",2017-08-08,5.115
"AL",2017-09-05,4.9925
"AL",2017-10-04,5.46333333333333
"AL",2017-11-07,5.14333333333333
"AL",2018-01-16,3.67
"AL",2018-02-22,3.73333333333333
"AL",2018-03-26,3.66
"AL",2018-05-14,3.67333333333333
"AL",2018-06-11,4.4525
"AL",2018-07-11,5.205
"AL",2018-08-08,5.475
"AL",2018-09-04,5.14
"AL",2018-10-02,4.56
"AL",2018-11-05,4.5
"AL",2019-01-15,3.92333333333333
"AL",2019-02-28,3.47
"AL",2019-03-21,3.16
"AL",2019-05-07,3.85
"AL",2019-06-03,4.1175
"AL",2019-07-01,4.05
"AL",2019-07-31,4.7675
"AL",2019-08-27,4.2925
"AL",2019-09-23,4.3
"AL",2019-10-22,4.49333333333333
"AL",2019-11-06,4.22
"AL",2020-01-24,3.39
"AL",2020-05-01,3.56666666666667
"AL",2020-06-03,3.465
"AL",2020-07-02,4.005
"AL",2020-08-03,4.14
"AL",2020-09-08,4.48333333333333
"AL",2020-10-14,4.58
"AL",2020-10-29,4.38333333333333
"AL",2021-01-26,3.22666666666667
"AL",2021-02-23,3.13
"AL",2021-04-07,3.18333333333333
"AL",2021-05-03,3.41
"AL",2021-06-01,3.69
"AL",2021-06-28,3.5125
"AL",2021-07-26,4.4875
"AL",2021-08-23,3.7125
"AL",2021-09-21,4.225
"AL",2021-10-19,4.02666666666667
"AL",2021-11-09,3.82666666666667
"AL",2022-01-31,2.73
"AL",2022-02-28,2.70333333333333
"AL",2022-03-16,2.68333333333333
"AL",2022-05-03,3.01333333333333
"AL",2022-05-31,3.3475
"AL",2022-06-27,3.2475
"AL",2022-07-25,3.06
"AL",2022-08-25,3.345
"AL",2022-09-19,5.105
"AL",2022-10-19,3.4825
"AL",2022-11-14,3.67666666666667
"BM",1985-08-21,4.01333333333333
"BM",1986-02-26,3.61
"BM",1986-04-23,3.44666666666667
"BM",1986-05-19,3.40833333333333
"BM",1986-06-18,3.404
"BM",1986-07-16,3.64
"BM",1986-08-12,4.19833333333333
"BM",1986-09-10,3.806
"BM",1986-10-07,3.816
"BM",1986-11-05,3.65666666666667
"BM",1987-01-12,3.79666666666667
"BM",1987-02-25,3.59833333333333
"BM",1987-03-24,2.9975
"BM",1987-04-16,3.34666666666667
"BM",1987-05-21,3.64666666666667
"BM",1987-06-11,3.806
"BM",1987-07-14,3.75666666666667
"BM",1987-08-11,3.86666666666667
"BM",1987-09-09,3.948
"BM",1987-10-06,3.93166666666667
"BM",1987-11-04,3.93
"BM",1988-03-01,3.985
"BM",1988-04-06,2.8
"BM",1988-04-25,3.68666666666667
"BM",1988-05-25,3.845
"BM",1988-06-22,3.95666666666667
"BM",1988-07-20,4.14333333333333
"BM",1988-08-18,4.055
"BM",1988-09-12,4.17333333333333
"BM",1988-10-13,4.29333333333333
"BM",1988-11-07,4.42
"BM",1989-01-17,4.74666666666667
"BM",1989-02-28,4.14333333333333
"BM",1989-03-31,4.28666666666667
"BM",1989-05-02,3.8
"BM",1989-05-31,3.99833333333333
"BM",1989-06-27,4.16166666666667
"BM",1989-07-25,4.172
"BM",1989-08-22,4.26666666666667
"BM",1989-09-20,4.225
"BM",1989-10-17,4.41333333333333
"BM",1989-11-14,4.27666666666667
"BM",1990-01-23,4.15333333333333
"BM",1990-02-20,4.005
"BM",1990-03-29,3.64333333333333
"BM",1990-05-01,4.028
"BM",1990-05-31,3.98
"BM",1990-06-26,3.89166666666667
"BM",1990-07-26,3.88833333333333
"BM",1990-08-21,4.04
"BM",1990-09-20,4.49
"BM",1990-10-19,4.06666666666667
"BM",1990-11-14,4.28333333333333
"BM",1991-01-14,4.46333333333333
"BM",1991-02-21,4.37
"BM",1991-03-26,3.84
"BM",1991-05-06,4.55
"BM",1991-06-05,4.125
"BM",1991-07-01,3.99666666666667
"BM",1991-07-29,4.11333333333333
"BM",1991-08-27,4.334
"BM",1991-09-24,4.22666666666667
"BM",1991-10-29,4.19333333333333
"BM",1992-01-13,4.03666666666667
"BM",1992-02-25,3.73
"BM",1992-03-27,2.77
"BM",1992-05-05,3.54666666666667
"BM",1992-06-03,3.60333333333333
"BM",1992-07-08,4.10166666666667
"BM",1992-07-30,3.80833333333333
"BM",1992-08-25,3.834
"BM",1992-09-23,3.898
"BM",1992-10-19,4.08
"BM",1992-11-11,3.96
"BM",1993-01-06,4.14
"BM",1993-02-22,4.11333333333333
"BM",1993-03-24,4.06666666666667
"BM",1993-05-05,3.66666666666667
"BM",1993-06-02,3.97833333333333
"BM",1993-06-28,4.44166666666667
"BM",1993-07-28,3.88
"BM",1993-08-26,3.88166666666667
"BM",1993-09-21,3.86333333333333
"BM",1993-10-19,3.89
"BM",1993-11-10,3.85666666666667
"BM",1994-01-11,3.87666666666667
"BM",1994-02-24,4.11
"BM",1994-03-30,3.68333333333333
"BM",1994-05-06,3.73
"BM",1994-06-01,3.905
"BM",1994-06-29,4.04833333333333
"BM",1994-07-25,3.775
"BM",1994-08-26,3.76833333333333
"BM",1994-09-19,3.64
"BM",1994-10-18,3.98333333333333
"BM",1994-11-14,4.01333333333333
"BM",1995-01-11,4.01333333333333
"BM",1995-02-21,3.84333333333333
"BM",1995-03-23,2.91666666666667
"BM",1995-05-03,3.88
"BM",1995-05-30,3.72666666666667
"BM",1995-06-26,3.83666666666667
"BM",1995-07-25,3.87
"BM",1995-08-23,3.975
"BM",1995-09-20,3.92
"BM",1995-10-16,3.955
"BM",1995-12-18,4.445
"BM",1996-02-07,3.77666666666667
"BM",1996-02-23,3.91666666666667
"BM",1996-04-09,4.06666666666667
"BM",1996-05-15,3.43333333333333
"BM",1996-06-10,3.79166666666667
"BM",1996-07-10,3.75833333333333
"BM",1996-08-06,3.91
"BM",1996-09-03,3.73333333333333
"BM",1996-10-02,3.78666666666667
"BM",1996-11-06,3.81666666666667
"BM",1997-01-15,3.71
"BM",1997-02-20,3.51333333333333
"BM",1997-04-02,3.25333333333333
"BM",1997-05-06,3.60666666666667
"BM",1997-06-02,3.6625
"BM",1997-06-30,3.81333333333333
"BM",1997-07-30,3.75
"BM",1997-08-27,3.705
"BM",1997-09-22,3.71166666666667
"BM",1997-10-22,3.88
"BM",1997-11-12,4.08666666666667
"BM",1998-01-15,3.82666666666667
"BM",1998-02-19,3.68
"BM",1998-03-19,3.95666666666667
"BM",1998-04-23,3.49666666666667
"BM",1998-05-18,3.64
"BM",1998-06-18,3.92
"BM",1998-07-13,3.735
"BM",1998-08-11,3.85
"BM",1998-09-08,3.98
"BM",1998-10-05,4.038
"BM",1998-11-02,4.15
"BM",1999-01-15,3.84
"BM",1999-02-24,3.88333333333333
"BM",1999-03-24,3.96333333333333
"BM",1999-05-03,3.84
"BM",1999-06-01,3.89
"BM",1999-06-28,4.01833333333333
"BM",1999-07-27,3.79666666666667
"BM",1999-08-27,3.785
"BM",1999-09-23,3.752
"BM",1999-10-21,4.03666666666667
"BM",1999-11-11,3.83
"BM",2000-01-24,4.33333333333333
"BM",2000-02-23,3.67333333333333
"BM",2000-04-05,3.33
"BM",2000-05-02,3.88
"BM",2000-05-30,3.76666666666667
"BM",2000-06-26,3.92333333333333
"BM",2000-07-24,3.87833333333333
"BM",2000-08-24,4.08333333333333
"BM",2000-09-20,4.238
"BM",2000-10-16,4.14666666666667
"BM",2000-11-14,3.92666666666667
"BM",2001-01-18,3.99
"BM",2001-02-23,3.54
"BM",2001-04-06,3.53666666666667
"BM",2001-05-04,3.87
"BM",2001-05-31,3.755
"BM",2001-06-27,3.70166666666667
"BM",2001-07-25,3.775
"BM",2001-08-21,3.79
"BM",2001-09-17,4.25
"BM",2001-10-16,3.65
"BM",2001-11-12,4.17333333333333
"BM",2002-01-22,3.88666666666667
"BM",2002-02-26,3.86333333333333
"BM",2002-04-16,2.62333333333333
"BM",2002-04-24,3.565
"BM",2002-05-20,3.79333333333333
"BM",2002-06-18,3.80666666666667
"BM",2002-07-03,3.795
"BM",2002-08-12,3.90833333333333
"BM",2002-09-09,3.70666666666667
"BM",2002-10-07,3.7275
"BM",2002-11-05,3.71
"BM",2003-01-30,4.17
"BM",2003-02-21,4.57666666666667
"BM",2003-04-01,2.78333333333333
"BM",2003-04-30,3.56333333333333
"BM",2003-05-30,3.91166666666667
"BM",2003-06-25,3.935
"BM",2003-07-23,3.83833333333333
"BM",2003-08-19,4.22666666666667
"BM",2003-09-17,3.95
"BM",2003-10-13,3.78333333333333
"BM",2003-10-29,3.78333333333333
"BM",2003-11-10,4.96666666666667
"BM",2004-01-26,3.725
"BM",2004-03-02,2.70666666666667
"BM",2004-04-05,3.32666666666667
"BM",2004-04-29,3.79333333333333
"BM",2004-05-25,3.588
"BM",2004-06-22,3.81333333333333
"BM",2004-07-19,3.70333333333333
"BM",2004-08-17,3.65333333333333
"BM",2004-09-13,3.7
"BM",2004-10-12,4.24666666666667
"BM",2004-11-08,3.93666666666667
"BM",2005-01-11,3.61666666666667
"BM",2005-02-24,4.03333333333333
"BM",2005-04-04,3.27666666666667
"BM",2005-04-22,3.74666666666667
"BM",2005-05-16,3.87666666666667
"BM",2005-06-14,4.48333333333333
"BM",2005-07-12,4.33666666666667
"BM",2005-08-10,4.04
"BM",2005-09-09,4.18
"BM",2005-10-05,4.27
"BM",2005-11-11,4.17
"BM",2006-01-16,3.40666666666667
"BM",2006-02-21,3.66333333333333
"BM",2006-04-04,2.41
"BM",2006-04-24,3.40333333333333
"BM",2006-05-19,4.06333333333333
"BM",2006-07-10,3.82166666666667
"BM",2006-08-07,3.82166666666667
"BM",2006-09-05,3.55
"BM",2006-10-02,3.685
"BM",2006-11-01,4
"BM",2007-01-17,3.46333333333333
"BM",2007-02-27,3.54333333333333
"BM",2007-03-30,2.42666666666667
"BM",2007-04-25,3.48
"BM",2007-05-22,3.51
"BM",2007-06-20,3.80833333333333
"BM",2007-07-18,3.645
"BM",2007-08-15,3.62166666666667
"BM",2007-09-11,3.6925
"BM",2007-10-08,4.17333333333333
"BM",2007-11-09,3.76333333333333
"BM",2008-01-16,3.40666666666667
"BM",2008-02-26,3.92333333333333
"BM",2008-03-26,3.74333333333333
"BM",2008-05-09,3.99
"BM",2008-06-03,3.73166666666667
"BM",2008-07-01,3.81166666666667
"BM",2008-07-30,3.78833333333333
"BM",2008-08-28,3.80333333333333
"BM",2008-09-22,4.1375
"BM",2008-10-21,3.85333333333333
"BM",2008-11-07,4.01
"BM",2009-01-21,3.61333333333333
"BM",2009-02-24,3.95333333333333
"BM",2009-03-16,3.96666666666667
"BM",2009-04-29,3.88
"BM",2009-05-26,3.58333333333333
"BM",2009-06-23,4.092
"BM",2009-07-20,4.025
"BM",2009-08-17,3.84833333333333
"BM",2009-09-14,3.4
"BM",2009-10-12,3.77333333333333
"BM",2009-11-10,4.01666666666667
"BM",2010-01-18,4.02
"BM",2010-02-12,4.28666666666667
"BM",2010-04-13,3.99666666666667
"BM",2010-05-10,1.24
"BM",2010-06-07,3.615
"BM",2010-07-09,3.58666666666667
"BM",2010-08-02,3.08
"BM",2010-08-30,3.52166666666667
"BM",2010-09-27,3.35
"BM",2010-10-29,5.43666666666667
"BM",2010-11-11,9.39333333333333
"BM",2011-01-14,3.43
"BM",2011-02-16,3.03666666666667
"BM",2011-03-22,3.45
"BM",2011-05-05,3.05
"BM",2011-05-31,3.14333333333333
"BM",2011-07-01,2.84833333333333
"BM",2011-08-23,3.0075
"BM",2012-01-11,3.72333333333333
"BM",2012-02-20,3.20666666666667
"BM",2012-04-03,3.37333333333333
"BM",2012-04-30,3.555
"BM",2012-05-29,3.38833333333333
"BM",2012-06-25,3.34166666666667
"BM",2012-07-23,3.51666666666667
"BM",2012-08-20,3.3
"BM",2012-09-17,3.512
"BM",2012-10-17,3.86333333333333
"BM",2012-11-13,3.48666666666667
"BM",2013-01-18,3.67666666666667
"BM",2013-02-22,3.60333333333333
"BM",2013-03-29,10.6066666666667
"BM",2013-05-15,3.08333333333333
"BM",2013-06-10,4.68
"BM",2013-07-08,3.425
"BM",2013-08-07,3.81166666666667
"BM",2013-09-03,3.68333333333333
"BM",2013-09-30,2.97
"BM",2013-10-28,3.90666666666667
"BM",2013-11-14,4.56
"BM",2014-01-30,3.7
"BM",2014-03-04,3.71333333333333
"BM",2014-03-27,3.64666666666667
"BM",2014-05-20,3.23666666666667
"BM",2014-06-16,3.47666666666667
"BM",2014-07-15,3.44
"BM",2014-08-11,3.41333333333333
"BM",2014-09-09,3.235
"BM",2014-10-07,3.29333333333333
"BM",2014-11-05,3.47666666666667
"BM",2015-01-21,3.22666666666667
"BM",2015-03-03,3.51666666666667
"BM",2015-03-26,4.02333333333333
"BM",2015-04-23,3.04666666666667
"BM",2015-05-19,3.57833333333333
"BM",2015-06-15,3.5075
"BM",2015-07-14,3.51
"BM",2015-08-12,3.556
"BM",2015-09-09,3.7
"BM",2015-10-05,3.57
"BM",2015-11-10,3.66666666666667
"BM",2016-01-22,4.15
"BM",2016-03-04,3.30333333333333
"BM",2016-04-27,3.25
"BM",2016-05-23,3.24666666666667
"BM",2016-06-21,3.33666666666667
"BM",2016-07-20,3.30166666666667
"BM",2016-08-16,2.98666666666667
"BM",2016-09-13,3.25
"BM",2016-10-10,3.1075
"BM",2016-11-11,3.39
"BM",2017-01-18,3.19333333333333
"BM",2017-02-21,3.59666666666667
"BM",2017-03-28,3.31666666666667
"BM",2017-04-19,3.29
"BM",2017-05-16,3.616
"BM",2017-06-13,3.56666666666667
"BM",2017-07-11,3.666
"BM",2017-08-07,3.45833333333333
"BM",2017-09-06,3.334
"BM",2017-10-03,3.198
"BM",2017-11-08,3.54
"BM",2018-01-22,3.38
"BM",2018-02-20,3.63
"BM",2018-03-28,3.3
"BM",2018-05-16,3.22666666666667
"BM",2018-07-09,3.70833333333333
"BM",2018-08-06,3.27666666666667
"BM",2018-09-04,3.50833333333333
"BM",2018-10-01,3.384
"BM",2018-11-06,3.64666666666667
"BM",2019-01-16,3.68333333333333
"BM",2019-03-01,3.46333333333333
"BM",2019-03-25,3.38333333333333
"BM",2019-05-08,3.29666666666667
"BM",2019-06-03,3.61833333333333
"BM",2019-07-02,3.725
"BM",2019-07-29,3.70833333333333
"BM",2019-08-28,3.33333333333333
"BM",2019-09-24,3.4825
"BM",2019-10-21,3.54
"BM",2019-11-07,3.48
"BM",2020-01-15,3.49333333333333
"BM",2020-02-25,3.25333333333333
"BM",2020-05-04,3.15333333333333
"BM",2020-06-02,3.35
"BM",2020-07-02,3.6
"BM",2020-08-05,3.24333333333333
"BM",2020-09-08,3.808
"BM",2020-10-14,3.3425
"BM",2020-11-02,3.39333333333333
"BM",2021-01-18,3.36333333333333
"BM",2021-02-23,3.34666666666667
"BM",2021-04-09,3.21333333333333
"BM",2021-05-04,3.20333333333333
"BM",2021-06-03,3.48166666666667
"BM",2021-06-28,3.37833333333333
"BM",2021-07-27,3.53833333333333
"BM",2021-08-25,3.42666666666667
"BM",2021-09-22,3.56166666666667
"BM",2021-10-18,3.4425
"BM",2021-11-15,4.12
"BM",2022-01-31,3.37
"BM",2022-02-25,3.38666666666667
"BM",2022-03-14,3.41333333333333
"BM",2022-05-05,3.48
"BM",2022-06-02,3.15333333333333
"BM",2022-06-28,3.085
"BM",2022-07-26,3.10666666666667
"BM",2022-08-24,2.96666666666667
"BM",2022-09-20,3.69
"BM",2022-10-19,3.83833333333333
"BM",2022-11-16,4.01
"CB",1985-08-20,7.3
"CB",1986-02-25,9.225
"CB",1986-04-23,9.475
"CB",1986-05-20,9.34
"CB",1986-06-17,8.855
"CB",1986-07-14,8.825
"CB",1986-08-11,8.36
"CB",1986-09-09,7.66
"CB",1986-10-08,8.015
"CB",1986-11-05,7.92
"CB",1987-01-20,9.185
"CB",1987-02-23,9.915
"CB",1987-03-19,10.02
"CB",1987-04-13,8.235
"CB",1987-05-19,8.295
"CB",1987-06-23,8.66
"CB",1987-07-14,7.765
"CB",1987-08-13,8.06
"CB",1987-09-10,7.875
"CB",1987-10-07,7.05
"CB",1987-10-29,7.365
"CB",1988-01-20,8.2
"CB",1988-02-29,9.61
"CB",1988-03-23,8.765
"CB",1988-04-21,7.43
"CB",1988-05-23,7.6
"CB",1988-06-22,8.14
"CB",1988-07-18,8.175
"CB",1988-08-15,8.275
"CB",1988-09-14,8.685
"CB",1988-10-10,8.505
"CB",1988-11-16,8.515
"CB",1989-01-19,11.44
"CB",1989-02-21,9.55
"CB",1989-03-28,10.86
"CB",1989-05-04,9.445
"CB",1989-05-30,8.895
"CB",1989-06-26,9.555
"CB",1989-07-26,9.565
"CB",1989-08-23,9.045
"CB",1989-09-19,8.155
"CB",1989-10-18,8.055
"CB",1989-11-07,8.335
"CB",1990-01-18,8.5
"CB",1990-02-27,8.625
"CB",1990-03-28,9.715
"CB",1990-05-02,8.745
"CB",1990-05-30,9.62
"CB",1990-06-25,9.7
"CB",1990-07-25,9.435
"CB",1990-08-20,8.315
"CB",1990-09-17,8.74
"CB",1990-10-15,8.675
"CB",1990-11-08,9
"CB",1991-01-15,11.16
"CB",1991-02-18,10.615
"CB",1991-03-22,10.365
"CB",1991-05-09,9.23
"CB",1991-06-03,9.32
"CB",1991-07-02,9.47
"CB",1991-07-31,8.95
"CB",1991-08-26,9.225
"CB",1991-09-25,8.28
"CB",1991-10-29,8.075
"CB",1992-01-15,9.71
"CB",1992-02-25,10.42
"CB",1992-03-25,10.46
"CB",1992-05-04,9.46
"CB",1992-06-04,9.77
"CB",1992-07-08,9.64
"CB",1992-07-27,9.505
"CB",1992-08-26,8.64
"CB",1992-09-23,8.145
"CB",1992-10-22,8.77333333333333
"CB",1992-11-05,8.615
"CB",1993-01-14,9.085
"CB",1993-02-25,10.22
"CB",1993-03-23,10.41
"CB",1993-05-04,9.205
"CB",1993-06-03,9.965
"CB",1993-07-01,10.81
"CB",1993-07-29,9.895
"CB",1993-08-25,8.685
"CB",1993-09-20,8.045
"CB",1993-10-20,8.115
"CB",1993-11-02,8.265
"CB",1994-01-17,9.105
"CB",1994-02-23,9.68
"CB",1994-03-30,9.015
"CB",1994-05-02,8.34
"CB",1994-06-06,8.525
"CB",1994-06-29,9.44
"CB",1994-07-26,9.765
"CB",1994-08-22,8.105
"CB",1994-09-20,8.15
"CB",1994-10-20,8.165
"CB",1994-11-15,8.11
"CB",1995-01-12,10.35
"CB",1995-02-15,9.62
"CB",1995-03-20,7.22
"CB",1995-05-02,8.195
"CB",1995-06-02,8.38
"CB",1995-06-27,8.92
"CB",1995-07-24,9.8
"CB",1995-08-22,9.715
"CB",1995-09-21,7.755
"CB",1995-10-17,8.34
"CB",1995-11-08,8.67
"CB",1996-01-17,9.235
"CB",1996-02-20,9.905
"CB",1996-04-08,10.38
"CB",1996-05-08,9.82
"CB",1996-06-13,10.78
"CB",1996-07-08,11.085
"CB",1996-08-07,9.62
"CB",1996-09-05,9.96
"CB",1996-10-01,9.155
"CB",1996-11-05,9.31
"CB",1997-01-13,9.92
"CB",1997-02-17,9.15
"CB",1997-04-10,8.505
"CB",1997-05-07,9.875
"CB",1997-06-02,9.7
"CB",1997-06-30,9.69
"CB",1997-07-29,9.485
"CB",1997-08-26,8.695
"CB",1997-09-22,8.795
"CB",1997-10-21,8.705
"CB",1997-11-06,8.645
"CB",1998-01-20,9.04
"CB",1998-02-19,9.615
"CB",1998-03-17,9.655
"CB",1998-04-20,8.415
"CB",1998-05-19,8.9
"CB",1998-06-16,8.71
"CB",1998-07-15,9.055
"CB",1998-08-10,9.48
"CB",1998-09-08,8.475
"CB",1998-10-07,6.06
"CB",1998-11-02,8.115
"CB",1999-01-19,8.62
"CB",1999-02-25,8.335
"CB",1999-03-29,9.01
"CB",1999-05-04,8.86
"CB",1999-06-02,10.455
"CB",1999-06-30,10.76
"CB",1999-07-26,10.27
"CB",1999-08-25,9.57
"CB",1999-09-21,9.27
"CB",1999-10-20,9.065
"CB",1999-11-03,8.705
"CB",2000-01-28,9.685
"CB",2000-02-23,9.065
"CB",2000-03-29,8.525
"CB",2000-05-01,8.7
"CB",2000-05-31,8.79
"CB",2000-06-28,9.74
"CB",2000-07-27,9.175
"CB",2000-08-22,8.775
"CB",2000-09-18,8.965
"CB",2000-10-18,7.98
"CB",2000-11-13,7.725
"CB",2001-01-16,8.69
"CB",2001-03-01,8.665
"CB",2001-04-02,9.535
"CB",2001-05-03,10.025
"CB",2001-06-04,10.555
"CB",2001-06-26,9.185
"CB",2001-07-24,9.8
"CB",2001-08-22,10.275
"CB",2001-09-19,9.83
"CB",2001-10-17,8.005
"CB",2001-11-12,9.055
"CB",2002-01-22,10.595
"CB",2002-02-22,10.155
"CB",2002-04-02,9.83
"CB",2002-04-25,9.92
"CB",2002-05-21,10.2
"CB",2002-06-18,9.55
"CB",2002-07-17,10.19
"CB",2002-08-13,10.225
"CB",2002-09-10,9.24
"CB",2002-10-08,9.34
"CB",2002-10-28,9.705
"CB",2003-02-03,12.205
"CB",2003-02-20,12.515
"CB",2003-04-01,9.515
"CB",2003-05-01,9.77
"CB",2003-05-27,9.805
"CB",2003-06-25,9.3
"CB",2003-07-22,9.22
"CB",2003-08-18,10.54
"CB",2003-09-18,8.49
"CB",2003-10-15,8.275
"CB",2003-11-06,8.19
"CB",2004-01-21,9.79
"CB",2004-02-27,9.885
"CB",2004-04-06,8.09
"CB",2004-04-28,12.17
"CB",2004-05-27,11.38
"CB",2004-06-23,12.045
"CB",2004-07-20,11.75
"CB",2004-08-18,9.275
"CB",2004-09-14,9.65
"CB",2004-10-13,9.08
"CB",2004-11-08,9.54
"CB",2005-01-12,11.04
"CB",2005-02-28,11.435
"CB",2005-03-31,11.675
"CB",2005-04-18,10.645
"CB",2005-05-17,11.065
"CB",2005-06-15,12.025
"CB",2005-07-13,12.05
"CB",2005-08-09,12.78
"CB",2005-09-07,10.88
"CB",2005-10-06,10.395
"CB",2005-11-08,12.53
"CB",2006-01-12,11.96
"CB",2006-02-23,12.09
"CB",2006-03-27,11.815
"CB",2006-04-18,10.965
"CB",2006-05-17,12.13
"CB",2006-06-01,13.25
"CB",2006-07-12,10.4
"CB",2006-08-07,12.115
"CB",2006-09-07,10.48
"CB",2006-10-03,10.12
"CB",2006-10-26,9.74
"CB",2007-01-22,9.68
"CB",2007-02-21,10.435
"CB",2007-04-23,9.505
"CB",2007-05-23,9.895
"CB",2007-06-18,10.88
"CB",2007-07-18,10.29
"CB",2007-08-14,10.095
"CB",2007-09-10,9.165
"CB",2007-10-10,10.865
"CB",2007-11-08,10.91
"CB",2008-01-28,12.025
"CB",2008-02-25,12.935
"CB",2008-03-24,12.55
"CB",2008-05-06,14.265
"CB",2008-06-05,13.74
"CB",2008-07-02,13.865
"CB",2008-07-29,11.97
"CB",2008-08-27,12.365
"CB",2008-09-25,11.34
"CB",2008-10-22,11.515
"CB",2008-11-06,11.345
"CB",2009-01-22,13.825
"CB",2009-02-17,13.06
"CB",2009-03-18,13.475
"CB",2009-04-27,13.185
"CB",2009-05-27,13.01
"CB",2009-06-23,14.44
"CB",2009-07-22,15.245
"CB",2009-08-18,13.6
"CB",2009-09-16,12.035
"CB",2009-10-13,6.095
"CB",2009-11-09,10.765
"CB",2010-01-14,13.15
"CB",2010-02-22,13.685
"CB",2010-04-14,11.745
"CB",2010-05-11,0.885
"CB",2010-06-08,10.69
"CB",2010-07-06,12.98
"CB",2010-08-04,13.5
"CB",2010-09-02,14.84
"CB",2010-09-27,14.165
"CB",2010-10-25,13.56
"CB",2010-11-12,15.215
"CB",2011-01-25,15.495
"CB",2011-02-17,14.23
"CB",2011-03-17,17.815
"CB",2011-05-02,13.685
"CB",2011-06-02,13.18
"CB",2011-06-29,12.465
"CB",2011-08-24,13.325
"CB",2011-09-21,16.91
"CB",2012-01-09,13.515
"CB",2012-02-22,13.28
"CB",2012-04-04,12.725
"CB",2012-05-01,14.65
"CB",2012-05-30,12.8
"CB",2012-06-27,12.945
"CB",2012-07-24,13.655
"CB",2012-08-22,12.46
"CB",2012-09-18,11.945
"CB",2012-10-17,10.91
"CB",2012-11-05,11.99
"CB",2013-01-28,14.46
"CB",2013-02-18,13.685
"CB",2013-03-28,15.42
"CB",2013-05-13,11.395
"CB",2013-06-11,20.07
"CB",2013-07-09,15.07
"CB",2013-08-05,15.94
"CB",2013-09-05,13.935
"CB",2013-10-03,11.705
"CB",2013-10-28,14.79
"CB",2013-11-07,14.905
"CB",2014-02-03,14.765
"CB",2014-02-20,14.96
"CB",2014-03-31,15.03
"CB",2014-05-21,13.195
"CB",2014-06-18,14.305
"CB",2014-07-15,14.64
"CB",2014-08-13,14.645
"CB",2014-09-10,13.675
"CB",2014-10-08,13.27
"CB",2014-11-04,12.2
"CB",2015-01-23,13.13
"CB",2015-03-06,13.745
"CB",2015-03-23,15.86
"CB",2015-04-20,11.62
"CB",2015-05-20,13.51
"CB",2015-06-16,12.875
"CB",2015-07-14,13.03
"CB",2015-08-12,12.975
"CB",2015-09-09,12.33
"CB",2015-10-07,11.78
"CB",2015-11-09,11.88
"CB",2016-01-25,13.015
"CB",2016-02-24,13.39
"CB",2016-04-22,12.38
"CB",2016-05-25,12.7
"CB",2016-06-21,13.25
"CB",2016-07-21,13.11
"CB",2016-08-17,12.42
"CB",2016-10-12,11.145
"CB",2016-11-10,11.71
"CB",2017-01-17,11.87
"CB",2017-02-23,11.74
"CB",2017-03-24,12.67
"CB",2017-04-18,11.12
"CB",2017-05-18,10.82
"CB",2017-06-14,10.06
"CB",2017-07-11,11.995
"CB",2017-08-07,11.6
"CB",2017-09-07,11.05
"CB",2017-10-03,10.465
"CB",2017-11-06,11.09
"CB",2018-01-18,11.545
"CB",2018-02-23,12.91
"CB",2018-03-27,12.16
"CB",2018-05-14,10.55
"CB",2018-07-09,11.455
"CB",2018-08-07,11.6
"CB",2018-09-05,11.59
"CB",2018-10-03,10.595
"CB",2018-11-05,10.585
"CB",2019-01-15,11.535
"CB",2019-02-23,11.985
"CB",2019-03-21,15.175
"CB",2019-05-06,11
"CB",2019-06-05,10.68
"CB",2019-07-01,10.525
"CB",2019-07-30,11.095
"CB",2019-08-28,10.705
"CB",2019-09-25,10.25
"CB",2019-10-22,10.52
"CB",2019-11-04,10.405
"CB",2020-01-22,11.4
"CB",2020-02-21,11.325
"CB",2020-04-30,11.35
"CB",2020-06-04,11.775
"CB",2020-07-03,11.005
"CB",2020-08-04,12.18
"CB",2020-09-07,11.04
"CB",2020-10-12,10.705
"CB",2020-10-28,10.63
"CB",2021-01-21,11.745
"CB",2021-02-22,12.15
"CB",2021-04-06,10.095
"CB",2021-05-05,10.27
"CB",2021-06-04,9.805
"CB",2021-06-29,11.18
"CB",2021-07-27,9.955
"CB",2021-08-24,10.11
"CB",2021-09-22,9.01
"CB",2021-10-20,9.185
"CB",2021-11-08,9.15
"CB",2022-02-01,10.5
"CB",2022-02-28,10.255
"CB",2022-03-16,9.985
"CB",2022-05-03,9.43
"CB",2022-06-03,8.855
"CB",2022-06-29,9.33
"CB",2022-07-27,8.725
"CB",2022-08-29,8.805
"CB",2022-09-21,8.19
"CB",2022-11-14,8.675
"CR",1985-08-22,1.73666666666667
"CR",1986-02-24,1.49333333333333
"CR",1986-04-22,1.23666666666667
"CR",1986-05-22,1.495
"CR",1986-06-19,1.42333333333333
"CR",1986-07-17,1.54333333333333
"CR",1986-08-14,1.91166666666667
"CR",1986-09-11,1.43
"CR",1986-10-08,1.476
"CR",1986-11-03,1.41333333333333
"CR",1987-01-14,1.55666666666667
"CR",1987-02-25,1.32166666666667
"CR",1987-03-25,1.4325
"CR",1987-04-21,1.195
"CR",1987-05-20,1.364
"CR",1987-06-22,1.548
"CR",1987-07-16,1.64333333333333
"CR",1987-08-12,1.67666666666667
"CR",1987-09-08,1.57666666666667
"CR",1987-10-07,1.75
"CR",1987-11-04,1.42
"CR",1988-01-19,1.595
"CR",1988-03-02,1.535
"CR",1988-04-05,1.2925
"CR",1988-04-26,1.30333333333333
"CR",1988-05-26,1.64333333333333
"CR",1988-06-23,1.73166666666667
"CR",1988-07-21,1.85666666666667
"CR",1988-08-17,1.81666666666667
"CR",1988-09-13,1.625
"CR",1988-10-11,2.16333333333333
"CR",1988-11-08,1.94333333333333
"CR",1989-01-18,2.06333333333333
"CR",1989-02-20,1.67
"CR",1989-03-29,1.64
"CR",1989-05-02,1.44
"CR",1989-06-01,1.64
"CR",1989-06-29,1.64166666666667
"CR",1989-07-27,1.76833333333333
"CR",1989-08-24,1.785
"CR",1989-09-21,1.80166666666667
"CR",1989-10-19,1.87
"CR",1989-11-15,1.7
"CR",1990-01-15,1.82
"CR",1990-02-19,1.73
"CR",1990-03-29,1.45333333333333
"CR",1990-05-03,1.606
"CR",1990-05-31,1.69333333333333
"CR",1990-06-28,1.73333333333333
"CR",1990-07-25,1.88333333333333
"CR",1990-08-23,1.94666666666667
"CR",1990-09-19,1.866
"CR",1990-10-17,2.28333333333333
"CR",1990-11-14,1.80333333333333
"CR",1991-01-14,2.54666666666667
"CR",1991-02-21,1.88333333333333
"CR",1991-03-26,1.54666666666667
"CR",1991-05-08,1.62
"CR",1991-06-06,2.085
"CR",1991-07-02,1.88333333333333
"CR",1991-08-01,1.98833333333333
"CR",1991-08-29,2.185
"CR",1991-09-25,2.112
"CR",1991-10-31,1.8
"CR",1992-01-13,1.88333333333333
"CR",1992-02-24,1.60333333333333
"CR",1992-03-26,2.66
"CR",1992-05-06,1.6
"CR",1992-06-02,1.65166666666667
"CR",1992-07-06,1.79166666666667
"CR",1992-07-30,1.80333333333333
"CR",1992-08-25,1.98166666666667
"CR",1992-09-22,2.09333333333333
"CR",1992-10-20,1.89333333333333
"CR",1992-11-09,1.86
"CR",1993-01-07,1.97666666666667
"CR",1993-02-23,1.75
"CR",1993-03-24,1.68333333333333
"CR",1993-05-05,1.59
"CR",1993-06-02,1.85666666666667
"CR",1993-06-29,1.90333333333333
"CR",1993-07-28,1.805
"CR",1993-08-24,1.775
"CR",1993-09-21,1.87666666666667
"CR",1993-10-20,1.97333333333333
"CR",1993-11-09,1.81666666666667
"CR",1994-01-12,1.78666666666667
"CR",1994-02-21,1.79333333333333
"CR",1994-04-06,1.59333333333333
"CR",1994-05-02,1.82
"CR",1994-06-02,1.87833333333333
"CR",1994-06-30,1.94
"CR",1994-07-28,1.97166666666667
"CR",1994-08-25,1.98333333333333
"CR",1994-09-22,2.106
"CR",1994-10-20,2.06333333333333
"CR",1994-11-16,1.81666666666667
"CR",1995-01-13,1.95
"CR",1995-02-13,1.874
"CR",1995-03-23,1.4125
"CR",1995-05-03,1.87
"CR",1995-05-31,1.95
"CR",1995-06-28,2.03833333333333
"CR",1995-07-27,2.17166666666667
"CR",1995-08-23,2.22333333333333
"CR",1995-09-20,2.03
"CR",1995-10-19,1.915
"CR",1995-11-14,2.06333333333333
"CR",1996-01-23,2.07
"CR",1996-02-19,1.82666666666667
"CR",1996-04-10,1.83333333333333
"CR",1996-05-13,1.63666666666667
"CR",1996-06-11,1.74
"CR",1996-07-09,1.83666666666667
"CR",1996-08-07,2.07
"CR",1996-09-04,1.83
"CR",1996-10-01,1.76833333333333
"CR",1996-11-05,1.78666666666667
"CR",1997-01-23,1.72
"CR",1997-02-18,1.54
"CR",1997-03-31,2.105
"CR",1997-05-07,1.88
"CR",1997-06-03,1.715
"CR",1997-07-01,1.93333333333333
"CR",1997-07-28,1.755
"CR",1997-08-25,1.93333333333333
"CR",1997-09-23,1.94833333333333
"CR",1997-10-20,2.12666666666667
"CR",1997-11-10,1.97
"CR",1998-01-14,2.20666666666667
"CR",1998-02-16,1.91333333333333
"CR",1998-03-18,1.96333333333333
"CR",1998-04-22,2.27666666666667
"CR",1998-05-20,1.805
"CR",1998-06-15,1.825
"CR",1998-07-15,2.10333333333333
"CR",1998-08-12,2.04666666666667
"CR",1998-09-10,1.87833333333333
"CR",1998-10-07,2.3525
"CR",1998-11-04,2.59
"CR",1999-01-19,2.08
"CR",1999-02-22,1.97333333333333
"CR",1999-03-19,2.09
"CR",1999-05-05,1.87
"CR",1999-06-03,2.01333333333333
"CR",1999-06-30,2.07166666666667
"CR",1999-07-29,2.14
"CR",1999-08-25,2.12666666666667
"CR",1999-09-22,2.074
"CR",1999-10-20,2.1725
"CR",1999-11-09,2.06
"CR",2000-01-17,2.34
"CR",2000-02-21,1.87333333333333
"CR",2000-04-04,1.53666666666667
"CR",2000-05-03,1.86333333333333
"CR",2000-06-01,2.05333333333333
"CR",2000-06-28,1.96
"CR",2000-07-27,1.955
"CR",2000-08-21,2.02333333333333
"CR",2000-09-21,2.04
"CR",2000-10-19,2.0775
"CR",2000-11-15,1.91666666666667
"CR",2001-01-19,2.17666666666667
"CR",2001-02-20,1.50333333333333
"CR",2001-04-04,1.60333333333333
"CR",2001-05-03,1.85333333333333
"CR",2001-06-01,1.71
"CR",2001-06-28,1.97666666666667
"CR",2001-07-25,1.914
"CR",2001-08-23,1.946
"CR",2001-09-20,1.892
"CR",2001-10-17,1.87333333333333
"CR",2001-11-13,2.01666666666667
"CR",2002-01-15,1.97
"CR",2002-02-27,1.94
"CR",2002-04-15,1.19333333333333
"CR",2002-04-25,1.71666666666667
"CR",2002-05-23,1.98
"CR",2002-06-20,2.145
"CR",2002-07-18,2.04333333333333
"CR",2002-08-15,2.12333333333333
"CR",2002-09-11,1.965
"CR",2002-10-10,1.94
"CR",2002-11-05,1.41
"CR",2003-01-14,2.54666666666667
"CR",2003-02-26,2.44333333333333
"CR",2003-04-04,1.82
"CR",2003-05-02,1.28666666666667
"CR",2003-05-28,1.92833333333333
"CR",2003-06-26,2.11166666666667
"CR",2003-07-24,2.00166666666667
"CR",2003-08-21,2.36166666666667
"CR",2003-09-18,2.2
"CR",2003-10-16,3.63333333333333
"CR",2003-11-14,2.23333333333333
"CR",2004-01-13,2.02333333333333
"CR",2004-02-24,1.95333333333333
"CR",2004-04-01,1.57666666666667
"CR",2004-04-29,1.86
"CR",2004-05-27,1.814
"CR",2004-06-24,1.7275
"CR",2004-07-21,1.885
"CR",2004-08-19,1.844
"CR",2004-09-14,1.982
"CR",2004-10-13,2.1275
"CR",2004-11-09,1.98666666666667
"CR",2005-01-13,1.95
"CR",2005-02-16,2.09333333333333
"CR",2005-04-06,1.47333333333333
"CR",2005-04-19,1.73
"CR",2005-05-18,1.99
"CR",2005-06-15,2.36166666666667
"CR",2005-07-14,2.445
"CR",2005-08-10,2.21
"CR",2005-09-06,2.366
"CR",2005-10-07,2.4075
"CR",2005-11-15,2.06333333333333
"CR",2006-01-09,1.89
"CR",2006-02-16,1.82
"CR",2006-03-30,1.69666666666667
"CR",2006-04-19,1.81
"CR",2006-05-19,1.655
"CR",2006-07-13,2.49
"CR",2006-08-10,2.11
"CR",2006-09-08,1.9425
"CR",2006-10-05,2.14
"CR",2006-11-03,2.12
"CR",2007-01-19,1.87666666666667
"CR",2007-02-22,1.94666666666667
"CR",2007-03-29,1.44
"CR",2007-04-24,1.87666666666667
"CR",2007-05-24,1.97833333333333
"CR",2007-06-21,2.12
"CR",2007-07-19,2.17333333333333
"CR",2007-08-16,2.045
"CR",2007-09-13,2.17
"CR",2007-10-11,2.9775
"CR",2007-11-16,2.01666666666667
"CR",2008-01-29,2.58
"CR",2008-03-04,1.98
"CR",2008-03-31,2.64666666666667
"CR",2008-05-06,2.40666666666667
"CR",2008-06-05,2.11166666666667
"CR",2008-07-02,2.18833333333333
"CR",2008-07-30,2.36833333333333
"CR",2008-08-26,2.66
"CR",2008-09-24,2.174
"CR",2008-10-22,2.24
"CR",2008-11-12,2.23333333333333
"CR",2009-01-21,2.08666666666667
"CR",2009-02-25,2.41
"CR",2009-03-25,2.57666666666667
"CR",2009-04-28,2.15
"CR",2009-05-29,1.93833333333333
"CR",2009-06-29,2.365
"CR",2009-07-23,2.51666666666667
"CR",2009-08-20,2.31666666666667
"CR",2009-09-16,2.16166666666667
"CR",2009-10-15,1.59666666666667
"CR",2009-11-11,2.69
"CR",2010-01-15,2.45333333333333
"CR",2010-02-23,2.73666666666667
"CR",2010-04-15,2.27666666666667
"CR",2010-05-12,1.28333333333333
"CR",2010-06-09,1.99
"CR",2010-07-08,2.205
"CR",2010-08-05,2.18833333333333
"CR",2010-08-31,1.84
"CR",2010-09-30,1.764
"CR",2010-10-29,3.25333333333333
"CR",2010-11-10,2.71333333333333
"CR",2011-01-12,2.115
"CR",2011-02-14,1.75333333333333
"CR",2011-03-21,1.81666666666667
"CR",2011-05-04,1.63666666666667
"CR",2011-06-01,1.83833333333333
"CR",2011-06-15,1.63166666666667
"CR",2011-06-30,1.60166666666667
"CR",2011-07-14,1.99
"CR",2011-07-27,1.2
"CR",2011-08-11,1.87333333333333
"CR",2011-08-24,1.725
"CR",2012-01-13,2.03666666666667
"CR",2012-02-24,1.75666666666667
"CR",2012-04-05,1.72333333333333
"CR",2012-05-04,1.75666666666667
"CR",2012-06-01,1.78
"CR",2012-06-12,1.78666666666667
"CR",2012-06-28,1.90333333333333
"CR",2012-07-11,2.025
"CR",2012-07-26,1.98333333333333
"CR",2012-08-08,1.865
"CR",2012-08-22,1.65
"CR",2012-09-20,1.9075
"CR",2012-10-18,1.86666666666667
"CR",2012-11-14,1.77333333333333
"CR",2013-01-16,2.04333333333333
"CR",2013-02-26,1.87666666666667
"CR",2013-03-26,2.74
"CR",2013-05-14,1.56
"CR",2013-06-11,2.674
"CR",2013-06-27,1.77833333333333
"CR",2013-07-10,1.81
"CR",2013-08-08,1.96666666666667
"CR",2013-08-21,2.54666666666667
"CR",2013-09-06,2.06
"CR",2013-10-01,1.92333333333333
"CR",2013-10-31,2
"CR",2013-11-13,2.32666666666667
"CR",2014-02-04,2.14666666666667
"CR",2014-03-13,2.20666666666667
"CR",2014-03-28,1.98666666666667
"CR",2014-05-22,1.67666666666667
"CR",2014-06-18,1.84333333333333
"CR",2014-07-17,1.825
"CR",2014-08-13,1.735
"CR",2014-09-10,1.612
"CR",2014-10-07,1.7
"CR",2014-11-13,1.73666666666667
"CR",2015-01-16,1.72
"CR",2015-02-27,1.67666666666667
"CR",2015-03-26,1.7
"CR",2015-04-20,1.66
"CR",2015-05-20,1.966
"CR",2015-06-16,1.83
"CR",2015-07-13,1.93666666666667
"CR",2015-08-10,2.062
"CR",2015-09-10,2.186
"CR",2015-10-06,2.084
"CR",2015-11-10,1.95333333333333
"CR",2016-01-29,2.55
"CR",2016-02-25,1.79
"CR",2016-04-26,1.68666666666667
"CR",2016-05-25,1.81833333333333
"CR",2016-06-22,1.81833333333333
"CR",2016-07-19,1.83166666666667
"CR",2016-08-17,1.765
"CR",2016-09-14,1.83666666666667
"CR",2016-10-11,1.824
"CR",2016-11-14,1.94
"CR",2017-01-18,1.88666666666667
"CR",2017-02-16,1.97333333333333
"CR",2017-03-23,1.9
"CR",2017-04-18,2.41666666666667
"CR",2017-05-17,2.37
"CR",2017-06-15,2.246
"CR",2017-07-12,2.3825
"CR",2017-08-08,2.15333333333333
"CR",2017-09-07,1.948
"CR",2017-10-04,1.994
"CR",2017-11-13,2.06666666666667
"CR",2018-01-18,2.08
"CR",2018-02-19,2.22
"CR",2018-03-27,1.99666666666667
"CR",2018-05-15,2.04333333333333
"CR",2018-06-12,2.145
"CR",2018-07-10,2.15666666666667
"CR",2018-08-08,1.90666666666667
"CR",2018-09-06,2.068
"CR",2018-10-03,2.012
"CR",2018-11-11,2.06
"CR",2019-01-14,2.12666666666667
"CR",2019-02-22,2.04333333333333
"CR",2019-03-22,1.88333333333333
"CR",2019-05-07,1.88666666666667
"CR",2019-06-05,2.20166666666667
"CR",2019-07-02,2.23333333333333
"CR",2019-07-31,2.34166666666667
"CR",2019-08-27,2.14333333333333
"CR",2019-09-25,2.174
"CR",2019-10-22,2.255
"CR",2019-11-14,2.00333333333333
"CR",2020-01-13,2.11666666666667
"CR",2020-02-18,1.85333333333333
"CR",2020-05-01,2.01
"CR",2020-06-01,2.06666666666667
"CR",2020-07-01,2.25166666666667
"CR",2020-08-04,2.08
"CR",2020-09-09,2.8
"CR",2020-10-13,2.545
"CR",2020-11-02,2.26
"CR",2021-01-25,2.36666666666667
"CR",2021-02-25,2.10333333333333
"CR",2021-04-07,1.96
"CR",2021-05-04,1.96666666666667
"CR",2021-06-03,2.164
"CR",2021-06-29,2.2
"CR",2021-07-26,2.36
"CR",2021-08-23,2.328
"CR",2021-09-23,2.38166666666667
"CR",2021-10-19,2.2875
"CR",2021-11-16,2.42666666666667
"CR",2022-02-01,2.31666666666667
"CR",2022-02-16,2.29
"CR",2022-03-15,2.30333333333333
"CR",2022-05-05,2.52666666666667
"CR",2022-06-01,2.04333333333333
"CR",2022-06-29,1.95
"CR",2022-07-27,1.95333333333333
"CR",2022-08-25,1.97
"CR",2022-09-21,2.035
"CR",2022-09-25,1.786
"CR",2022-10-20,1.975
"SP",1985-08-19,3.455
"SP",1986-02-27,3.25333333333333
"SP",1986-04-24,2.97
"SP",1986-05-19,3.03
"SP",1986-06-16,2.955
"SP",1986-07-14,2.95833333333333
"SP",1986-08-11,3.90333333333333
"SP",1986-09-08,3.27166666666667
"SP",1986-10-07,3.08333333333333
"SP",1986-11-12,3.48666666666667
"SP",1987-01-14,3.09333333333333
"SP",1987-02-24,2.90166666666667
"SP",1987-03-24,3.04
"SP",1987-04-20,2.75
"SP",1987-05-20,2.91
"SP",1987-06-11,2.92333333333333
"SP",1987-07-13,3.23166666666667
"SP",1987-08-11,3.51833333333333
"SP",1987-09-08,3.44333333333333
"SP",1987-10-05,3.38833333333333
"SP",1987-11-02,3.10333333333333
"SP",1988-01-19,2.99
"SP",1988-02-29,3.955
"SP",1988-04-04,3.6775
"SP",1988-04-25,2.81666666666667
"SP",1988-05-24,3.03166666666667
"SP",1988-06-21,3.37333333333333
"SP",1988-07-18,3.442
"SP",1988-08-16,3.8
"SP",1988-09-12,3.47333333333333
"SP",1988-10-10,3.54333333333333
"SP",1988-11-08,3.25333333333333
"SP",1989-01-12,4.04666666666667
"SP",1989-02-23,3.83666666666667
"SP",1989-03-29,4.32
"SP",1989-05-01,3.81333333333333
"SP",1989-05-30,3.25
"SP",1989-06-26,3.20333333333333
"SP",1989-07-24,2.91333333333333
"SP",1989-08-21,3.635
"SP",1989-09-18,3.44166666666667
"SP",1989-10-16,3.35666666666667
"SP",1989-11-14,3.19666666666667
"SP",1990-01-17,3.86666666666667
"SP",1990-02-19,4.28333333333333
"SP",1990-03-28,4.05
"SP",1990-04-30,2.84
"SP",1990-05-29,2.89666666666667
"SP",1990-06-26,3.04166666666667
"SP",1990-07-23,3.31166666666667
"SP",1990-08-21,3.36666666666667
"SP",1990-09-19,3.42666666666667
"SP",1990-10-16,3.3225
"SP",1990-11-12,3.16
"SP",1991-01-16,3.14
"SP",1991-02-19,3.46333333333333
"SP",1991-03-25,2.81
"SP",1991-05-07,3.005
"SP",1991-06-03,3.195
"SP",1991-07-01,3.37666666666667
"SP",1991-07-30,3.52333333333333
"SP",1991-08-28,3.54
"SP",1991-09-23,3.615
"SP",1991-11-11,3.18333333333333
"SP",1992-01-14,3.175
"SP",1992-03-01,3.60666666666667
"SP",1992-03-27,3.69666666666667
"SP",1992-05-06,2.85333333333333
"SP",1992-06-02,2.95666666666667
"SP",1992-06-30,2.90333333333333
"SP",1992-07-29,3.15666666666667
"SP",1992-08-24,3.565
"SP",1992-09-24,3.608
"SP",1992-10-20,3.64
"SP",1992-11-09,3.09333333333333
"SP",1993-01-13,3.24333333333333
"SP",1993-03-01,3.62666666666667
"SP",1993-03-22,3.59
"SP",1993-05-04,4.16333333333333
"SP",1993-06-01,3.14333333333333
"SP",1993-06-30,3.43333333333333
"SP",1993-07-27,3.20666666666667
"SP",1993-08-23,3.355
"SP",1993-09-23,3.27166666666667
"SP",1993-10-18,3.5
"SP",1993-11-10,3.09333333333333
"SP",1994-01-12,3.02333333333333
"SP",1994-02-21,4.30666666666667
"SP",1994-03-28,3.28
"SP",1994-05-05,2.97666666666667
"SP",1994-06-01,3.10166666666667
"SP",1994-06-27,3.09666666666667
"SP",1994-07-27,3.55666666666667
"SP",1994-08-24,3.31
"SP",1994-09-21,3.384
"SP",1994-10-17,3.2675
"SP",1994-11-16,3.00333333333333
"SP",1995-01-09,3.01
"SP",1995-02-20,3.134
"SP",1995-03-24,2.57
"SP",1995-05-02,3.1175
"SP",1995-05-31,3.05333333333333
"SP",1995-06-27,3.28
"SP",1995-07-24,3.51833333333333
"SP",1995-08-22,3.77333333333333
"SP",1995-09-19,3.69166666666667
"SP",1995-10-18,3.592
"SP",1995-11-13,3.18
"SP",1996-01-24,2.95333333333333
"SP",1996-02-21,3.29
"SP",1996-04-01,3.46333333333333
"SP",1996-05-14,2.99333333333333
"SP",1996-06-10,3.15
"SP",1996-07-10,3.26
"SP",1996-08-08,3.48333333333333
"SP",1996-09-05,3.46
"SP",1996-09-30,3.265
"SP",1996-11-06,3.27333333333333
"SP",1997-01-14,3.39
"SP",1997-02-17,3.63333333333333
"SP",1997-03-25,4.28
"SP",1997-05-06,3.15
"SP",1997-06-04,3.135
"SP",1997-07-01,3.29166666666667
"SP",1997-07-29,3.395
"SP",1997-08-28,3.52833333333333
"SP",1997-09-24,3.336
"SP",1997-10-24,3.5075
"SP",1997-11-10,3.3
"SP",1998-01-12,3.41
"SP",1998-02-23,3.435
"SP",1998-03-18,3.32333333333333
"SP",1998-04-20,3.22666666666667
"SP",1998-05-19,2.98666666666667
"SP",1998-06-15,3.39833333333333
"SP",1998-07-14,3.536
"SP",1998-08-12,3.62
"SP",1998-09-09,3.875
"SP",1998-10-06,3.826
"SP",1998-11-12,3.58
"SP",1999-01-18,3.14333333333333
"SP",1999-02-23,3.29333333333333
"SP",1999-03-24,4.10333333333333
"SP",1999-05-04,2.91333333333333
"SP",1999-06-02,3.235
"SP",1999-07-01,3.41333333333333
"SP",1999-07-28,3.29833333333333
"SP",1999-08-23,3.44666666666667
"SP",1999-09-23,3.40333333333333
"SP",1999-10-19,3.4325
"SP",1999-11-10,3.32333333333333
"SP",2000-01-18,3.75
"SP",2000-02-22,3.38666666666667
"SP",2000-04-06,2.78
"SP",2000-05-02,3.40666666666667
"SP",2000-05-30,3.22
"SP",2000-06-27,3.385
"SP",2000-07-26,3.69666666666667
"SP",2000-08-21,3.74333333333333
"SP",2000-09-18,3.81833333333333
"SP",2000-10-17,3.776
"SP",2000-11-16,3.39
"SP",2001-01-22,3.44666666666667
"SP",2001-02-28,3.11
"SP",2001-04-03,3.23
"SP",2001-04-30,3.42333333333333
"SP",2001-05-29,3.14
"SP",2001-06-26,3.15166666666667
"SP",2001-07-24,3.39166666666667
"SP",2001-08-20,3.43333333333333
"SP",2001-09-18,3.55833333333333
"SP",2001-10-15,3.5125
"SP",2001-11-15,3.37333333333333
"SP",2002-01-16,3.28666666666667
"SP",2002-02-28,3.17666666666667
"SP",2002-04-01,3.03
"SP",2002-04-23,2.93
"SP",2002-05-22,3.20666666666667
"SP",2002-06-19,3.325
"SP",2002-07-17,3.28833333333333
"SP",2002-08-14,3.65
"SP",2002-09-12,3.43
"SP",2002-10-09,2.732
"SP",2002-11-07,3.25
"SP",2003-01-15,3.84666666666667
"SP",2003-03-06,3.68666666666667
"SP",2003-04-02,3.26333333333333
"SP",2003-04-29,3.22
"SP",2003-05-30,3.394
"SP",2003-06-23,3.56
"SP",2003-07-21,3.61833333333333
"SP",2003-08-20,3.99
"SP",2003-09-16,3.484
"SP",2003-10-14,3.8225
"SP",2003-11-13,5.68333333333333
"SP",2004-01-12,3.26333333333333
"SP",2004-02-18,3.77333333333333
"SP",2004-04-07,3.45333333333333
"SP",2004-04-30,3.16
"SP",2004-05-24,3.182
"SP",2004-06-22,3.195
"SP",2004-07-21,3.37166666666667
"SP",2004-08-16,3.43666666666667
"SP",2004-09-13,3.34666666666667
"SP",2004-10-11,3.4625
"SP",2004-11-10,3.11666666666667
"SP",2005-01-19,3.12333333333333
"SP",2005-02-25,3.13
"SP",2005-04-06,3.39333333333333
"SP",2005-04-20,3.04333333333333
"SP",2005-05-19,3.37
"SP",2005-06-13,3.638
"SP",2005-07-12,3.515
"SP",2005-08-09,3.375
"SP",2005-09-08,3.558
"SP",2005-10-03,3.592
"SP",2005-11-15,3.33666666666667
"SP",2006-01-17,2.76
"SP",2006-02-13,12.07
"SP",2006-03-31,2.3
"SP",2006-04-20,2.67
"SP",2006-05-18,3.236
"SP",2006-07-12,3.28
"SP",2006-08-09,3.17166666666667
"SP",2006-09-08,2.9175
"SP",2006-10-04,3.0375
"SP",2006-10-30,3.03666666666667
"SP",2007-01-15,2.81666666666667
"SP",2007-02-20,2.70333333333333
"SP",2007-03-28,1.94
"SP",2007-04-24,2.73333333333333
"SP",2007-05-21,2.85833333333333
"SP",2007-06-19,2.89166666666667
"SP",2007-07-16,3.19333333333333
"SP",2007-07-23,3.04166666666667
"SP",2007-08-13,2.88666666666667
"SP",2007-09-11,3.112
"SP",2007-10-10,2.68666666666667
"SP",2007-11-12,2.95666666666667
"SP",2008-01-17,3.22666666666667
"SP",2008-03-03,3.02
"SP",2008-03-27,3.12333333333333
"SP",2008-05-13,3.31666666666667
"SP",2008-06-02,3.07833333333333
"SP",2008-07-01,3.35833333333333
"SP",2008-07-29,3.21666666666667
"SP",2008-08-25,3.38666666666667
"SP",2008-09-23,3.038
"SP",2008-10-20,3.1725
"SP",2008-11-12,3.21333333333333
"SP",2009-01-20,3.61666666666667
"SP",2009-02-24,3.23333333333333
"SP",2009-03-20,2.95
"SP",2009-04-29,3.17
"SP",2009-05-27,2.84
"SP",2009-06-25,3.238
"SP",2009-07-22,3.43166666666667
"SP",2009-08-19,3.28333333333333
"SP",2009-09-17,2.99333333333333
"SP",2009-10-14,3.115
"SP",2009-11-11,3.29
"SP",2010-01-12,3.32
"SP",2010-02-11,3.36666666666667
"SP",2010-04-12,3.23
"SP",2010-05-10,3.078
"SP",2010-06-08,2.78833333333333
"SP",2010-07-06,2.74833333333333
"SP",2010-08-03,2.69166666666667
"SP",2010-09-01,2.82
"SP",2010-09-28,2.73
"SP",2010-10-26,13.66
"SP",2010-11-11,10.63
"SP",2011-02-14,2.65
"SP",2011-03-21,2.71666666666667
"SP",2011-05-03,2.59
"SP",2011-06-03,2.66833333333333
"SP",2011-06-28,2.4
"SP",2011-08-22,2.62166666666667
"SP",2012-01-12,2.76
"SP",2012-02-21,2.48666666666667
"SP",2012-04-02,2.71333333333333
"SP",2012-05-02,2.68
"SP",2012-05-31,2.49
"SP",2012-06-27,2.70666666666667
"SP",2012-07-25,2.91333333333333
"SP",2012-08-23,2.58833333333333
"SP",2012-09-17,2.742
"SP",2012-10-19,2.67333333333333
"SP",2012-11-12,2.76333333333333
"SP",2013-01-14,2.98333333333333
"SP",2013-02-25,2.99666666666667
"SP",2013-03-29,14.03
"SP",2013-05-16,2.5
"SP",2013-06-11,3.23333333333333
"SP",2013-07-08,2.58833333333333
"SP",2013-08-05,2.88833333333333
"SP",2013-09-04,2.95333333333333
"SP",2013-10-02,2.20166666666667
"SP",2013-10-29,2.8475
"SP",2013-11-13,3.24333333333333
"SP",2014-01-30,2.99333333333333
"SP",2014-02-17,2.97333333333333
"SP",2014-03-24,2.76333333333333
"SP",2014-05-19,2.47
"SP",2014-06-17,2.82166666666667
"SP",2014-07-14,2.74166666666667
"SP",2014-08-12,2.645
"SP",2014-09-08,2.475
"SP",2014-10-08,2.60833333333333
"SP",2014-11-10,2.87333333333333
"SP",2015-01-14,2.58333333333333
"SP",2015-02-24,2.78
"SP",2015-03-24,2.65666666666667
"SP",2015-04-23,2.52
"SP",2015-05-18,3.09333333333333
"SP",2015-06-17,2.68666666666667
"SP",2015-07-15,2.914
"SP",2015-08-11,2.92833333333333
"SP",2015-09-08,3.20333333333333
"SP",2015-10-07,2.984
"SP",2015-11-17,2.73333333333333
"SP",2016-01-21,3.35
"SP",2016-03-07,2.58
"SP",2016-04-26,2.59666666666667
"SP",2016-05-24,2.675
"SP",2016-06-20,2.745
"SP",2016-07-21,2.72666666666667
"SP",2016-08-18,2.59166666666667
"SP",2016-09-12,3.0125
"SP",2016-10-12,2.77333333333333
"SP",2016-11-16,2.56666666666667
"SP",2017-01-17,2.61
"SP",2017-02-22,2.67
"SP",2017-03-27,2.64
"SP",2017-04-17,2.75
"SP",2017-05-17,2.92333333333333
"SP",2017-06-12,3.16333333333333
"SP",2017-07-10,3.336
"SP",2017-08-09,3.22166666666667
"SP",2017-09-05,3.1
"SP",2017-10-02,3.06833333333333
"SP",2017-11-13,3.03666666666667
"SP",2018-01-15,3.04333333333333
"SP",2018-02-22,3.19333333333333
"SP",2018-03-26,3.36
"SP",2018-05-15,2.87666666666667
"SP",2018-06-11,3.215
"SP",2018-07-11,3.36166666666667
"SP",2018-08-07,3.055
"SP",2018-09-05,2.995
"SP",2018-10-02,3.05
"SP",2018-11-12,3.12
"SP",2019-01-22,3.15
"SP",2019-02-19,3.07
"SP",2019-03-28,3.13333333333333
"SP",2019-05-08,2.91
"SP",2019-06-04,3.20666666666667
"SP",2019-07-03,3.57666666666667
"SP",2019-07-30,3.42
"SP",2019-08-26,3.36833333333333
"SP",2019-09-23,3.34833333333333
"SP",2019-10-23,3.336
"SP",2019-11-15,3.09
"SP",2020-01-14,3.36666666666667
"SP",2020-02-17,3.01666666666667
"SP",2020-05-04,2.92666666666667
"SP",2020-06-02,3.18833333333333
"SP",2020-07-03,3.37166666666667
"SP",2020-08-03,3.41333333333333
"SP",2020-09-07,3.52333333333333
"SP",2020-10-13,3.35
"SP",2020-11-03,3.28333333333333
"SP",2021-01-18,3.12666666666667
"SP",2021-02-22,3.08666666666667
"SP",2021-04-06,3.08333333333333
"SP",2021-05-03,3.29
"SP",2021-06-01,3.435
"SP",2021-06-30,3.33833333333333
"SP",2021-07-28,3.54666666666667
"SP",2021-08-25,3.45333333333333
"SP",2021-09-21,3.33833333333333
"SP",2021-10-20,3.24
"SP",2021-11-19,3.33
"SP",2022-01-27,3.15
"SP",2022-02-15,3.11666666666667
"SP",2022-03-14,3.06666666666667
"SP",2022-05-06,3.61666666666667
"SP",2022-06-01,3.08833333333333
"SP",2022-06-27,3.20666666666667
"SP",2022-07-25,3.18
"SP",2022-08-29,4.36
"SP",2022-09-19,3.05833333333333
"SP",2022-11-17,2.93
"TB",1985-08-21,17.9325
"TB",1986-02-25,19.3633333333333
"TB",1986-04-21,19.1266666666667
"TB",1986-05-21,18.8825
"TB",1986-06-16,18.9775
"TB",1986-07-15,18.025
"TB",1986-08-13,19.4525
"TB",1986-09-08,19.075
"TB",1986-10-06,18.9575
"TB",1986-11-07,17.5566666666667
"TB",1987-01-15,18.2933333333333
"TB",1987-02-23,19.28
"TB",1987-03-20,19.5533333333333
"TB",1987-04-13,17.0633333333333
"TB",1987-05-18,17.67
"TB",1987-06-22,16.0033333333333
"TB",1987-07-16,16.045
"TB",1987-08-12,17.5325
"TB",1987-09-10,16.8825
"TB",1987-10-06,16.715
"TB",1987-11-02,17.4666666666667
"TB",1988-01-14,16.3625
"TB",1988-03-01,17.3325
"TB",1988-03-23,16.31
"TB",1988-04-21,14.9333333333333
"TB",1988-05-24,14.7575
"TB",1988-06-20,14.6425
"TB",1988-07-20,15.2725
"TB",1988-08-16,14.74
"TB",1988-09-15,13.3025
"TB",1988-10-11,14.49
"TB",1988-11-03,13.2433333333333
"TB",1989-01-17,15.2066666666667
"TB",1989-03-06,14.65
"TB",1989-03-27,14.6366666666667
"TB",1989-05-03,13.7133333333333
"TB",1989-05-29,16.1375
"TB",1989-06-27,15.76
"TB",1989-07-24,16.6175
"TB",1989-08-21,17.2675
"TB",1989-09-20,15.585
"TB",1989-10-16,16.11
"TB",1989-11-07,12.99
"TB",1990-01-15,14.2566666666667
"TB",1990-02-28,14.0333333333333
"TB",1990-03-27,13.98
"TB",1990-05-01,6.785
"TB",1990-05-30,15.6
"TB",1990-06-27,15.165
"TB",1990-07-24,15.1625
"TB",1990-08-22,17.36
"TB",1990-09-17,16.5725
"TB",1990-10-16,13.8875
"TB",1990-11-08,18.4366666666667
"TB",1991-01-16,19.5633333333333
"TB",1991-02-20,19.1766666666667
"TB",1991-03-21,19.3566666666667
"TB",1991-05-09,18.4766666666667
"TB",1991-06-05,18.8775
"TB",1991-07-02,20.305
"TB",1991-07-29,22.43
"TB",1991-08-26,20.5675
"TB",1991-09-24,20.8925
"TB",1991-10-28,20.73
"TB",1991-11-04,20.9166666666667
"TB",1992-01-15,20.12
"TB",1992-02-26,23.9733333333333
"TB",1992-03-23,24.2966666666667
"TB",1992-05-04,19.26
"TB",1992-06-01,22.2225
"TB",1992-07-07,22.7975
"TB",1992-07-31,23.6975
"TB",1992-08-27,22.545
"TB",1992-09-24,23.37
"TB",1992-10-21,23.44
"TB",1992-11-05,19.51
"TB",1993-01-14,19.9466666666667
"TB",1993-02-24,20.67
"TB",1993-03-23,19.75
"TB",1993-05-03,20.27
"TB",1993-06-03,20.63
"TB",1993-06-28,20.33
"TB",1993-07-26,20.22
"TB",1993-08-23,20.4875
"TB",1993-09-22,20.6975
"TB",1993-10-19,20.445
"TB",1993-11-02,18.97
"TB",1994-01-17,19.93
"TB",1994-02-24,21.17
"TB",1994-03-28,19.7066666666667
"TB",1994-05-03,19.1533333333333
"TB",1994-06-02,20.13
"TB",1994-06-28,19.6375
"TB",1994-07-25,18.325
"TB",1994-08-22,19.4075
"TB",1994-09-20,18.9325
"TB",1994-10-18,20.5625
"TB",1994-11-14,20.9933333333333
"TB",1995-01-12,21.8566666666667
"TB",1995-02-14,21.924
"TB",1995-03-20,19.98
"TB",1995-05-01,20.56
"TB",1995-06-01,23.0475
"TB",1995-06-28,22.96
"TB",1995-07-25,22.5425
"TB",1995-08-21,23.3475
"TB",1995-09-19,22.8225
"TB",1995-10-17,22.2925
"TB",1995-11-09,21.9733333333333
"TB",1996-01-17,22.15
"TB",1996-02-21,21.9033333333333
"TB",1996-04-02,22.35
"TB",1996-05-10,19.6233333333333
"TB",1996-06-12,22.4625
"TB",1996-07-11,21.6
"TB",1996-08-06,22.99
"TB",1996-09-04,23.0325
"TB",1996-10-03,22.1075
"TB",1996-11-04,21.7766666666667
"TB",1997-01-21,23.045
"TB",1997-02-18,21.1733333333333
"TB",1997-03-24,21.8866666666667
"TB",1997-05-05,23.1966666666667
"TB",1997-06-04,23.5225
"TB",1997-07-03,22.975
"TB",1997-07-28,21.9125
"TB",1997-08-25,21.0966666666667
"TB",1997-09-24,24.61
"TB",1997-10-21,23.715
"TB",1997-11-06,24.69
"TB",1998-01-19,24.1166666666667
"TB",1998-02-18,24.3533333333333
"TB",1998-03-16,23.6133333333333
"TB",1998-04-21,22.67
"TB",1998-05-20,22.14
"TB",1998-06-17,23.3775
"TB",1998-07-14,21.7725
"TB",1998-08-10,22.8225
"TB",1998-09-10,26.0333333333333
"TB",1998-10-06,22.8575
"TB",1998-11-12,20.8566666666667
"TB",1999-01-22,20.5433333333333
"TB",1999-02-24,20.4233333333333
"TB",1999-03-23,20.9233333333333
"TB",1999-05-06,19.1625
"TB",1999-06-03,21.4925
"TB",1999-06-14,22.4375
"TB",1999-07-26,20.59
"TB",1999-08-26,22.955
"TB",1999-09-20,24.0425
"TB",1999-10-21,23.1025
"TB",1999-11-04,21.9833333333333
"TB",2000-01-27,23.51
"TB",2000-02-21,20.42
"TB",2000-04-05,21.8633333333333
"TB",2000-05-03,23.355
"TB",2000-06-02,22.475
"TB",2000-06-26,22.6775
"TB",2000-07-25,22.9425
"TB",2000-08-23,23.2425
"TB",2000-09-20,23.7075
"TB",2000-10-17,24.41
"TB",2000-11-14,22.8033333333333
"TB",2001-01-24,23.4966666666667
"TB",2001-02-19,22.9366666666667
"TB",2001-04-03,25.5933333333333
"TB",2001-05-01,24.6233333333333
"TB",2001-05-30,25.0675
"TB",2001-06-25,24.865
"TB",2001-07-23,24.7675
"TB",2001-08-21,25.6775
"TB",2001-09-18,26.4925
"TB",2001-10-16,24.3825
"TB",2001-11-16,25.0075
"TB",2002-01-17,25.2
"TB",2002-03-06,24.4966666666667
"TB",2002-04-12,22.465
"TB",2002-04-24,23.81
"TB",2002-05-22,26.9225
"TB",2002-06-17,25.5975
"TB",2002-07-16,26.79
"TB",2002-08-12,25.8825
"TB",2002-09-10,26.64
"TB",2002-10-07,25.1675
"TB",2002-11-04,25.8933333333333
"TB",2003-02-04,29.18
"TB",2003-02-20,29.5566666666667
"TB",2003-04-02,26.9666666666667
"TB",2003-05-05,26.4
"TB",2003-05-27,27.4425
"TB",2003-06-24,26.86
"TB",2003-07-21,28.1275
"TB",2003-08-20,27.5325
"TB",2003-09-19,26.5
"TB",2003-10-14,27.4325
"TB",2003-11-07,27.3266666666667
"TB",2004-01-21,24.6
"TB",2004-02-19,26.45
"TB",2004-03-29,24.84
"TB",2004-04-26,26.3733333333333
"TB",2004-05-25,27.56
"TB",2004-06-21,28.66
"TB",2004-07-19,27.5775
"TB",2004-08-17,27.3
"TB",2004-09-10,27.53
"TB",2004-10-12,24.16
"TB",2004-11-11,24.47
"TB",2005-01-20,25.21
"TB",2005-02-15,25.3033333333333
"TB",2005-03-31,25.14
"TB",2005-04-18,28.265
"TB",2005-05-18,25.9525
"TB",2005-06-16,25.255
"TB",2005-07-11,24.145
"TB",2005-08-08,26.1075
"TB",2005-09-08,25.8575
"TB",2005-10-05,25.0925
"TB",2005-11-17,23.04
"TB",2006-01-12,23.33
"TB",2006-02-22,22.0066666666667
"TB",2006-03-29,20.7333333333333
"TB",2006-04-18,23.4166666666667
"TB",2006-05-18,24.6175
"TB",2006-07-11,27.055
"TB",2006-09-07,24.75
"TB",2006-10-02,26.635
"TB",2006-11-01,25.3566666666667
"TB",2007-01-23,20.9966666666667
"TB",2007-02-21,21.2733333333333
"TB",2007-03-27,19.37
"TB",2007-04-25,19.8866666666667
"TB",2007-05-22,21.3575
"TB",2007-06-18,20.1425
"TB",2007-07-17,21.565
"TB",2007-08-13,28.53
"TB",2007-09-13,18.87
"TB",2007-10-09,20.105
"TB",2007-11-15,18.9233333333333
"TB",2008-01-28,19.2833333333333
"TB",2008-02-25,13.5033333333333
"TB",2008-03-27,19.3133333333333
"TB",2008-05-08,25.77
"TB",2008-06-03,21.5725
"TB",2008-06-30,21.2075
"TB",2008-07-28,22.7433333333333
"TB",2008-08-26,21.985
"TB",2008-09-23,23.23
"TB",2008-10-21,22.88
"TB",2008-11-11,21.8566666666667
"TB",2009-01-22,20.7566666666667
"TB",2009-02-17,18.86
"TB",2009-03-25,19.2133333333333
"TB",2009-04-28,21.9366666666667
"TB",2009-05-29,16.12
"TB",2009-06-22,20.1075
"TB",2009-07-21,18.46
"TB",2009-08-17,17.7725
"TB",2009-09-15,16.8675
"TB",2009-10-12,11.3775
"TB",2009-11-16,15.6933333333333
"TB",2010-01-14,12.1233333333333
"TB",2010-02-22,16.7533333333333
"TB",2010-04-13,14.9233333333333
"TB",2010-05-11,9.3475
"TB",2010-06-10,15.285
"TB",2010-07-07,15.715
"TB",2010-08-03,14.6625
"TB",2010-09-01,17.1375
"TB",2010-09-28,18.6575
"TB",2010-10-26,16.53
"TB",2010-11-15,19.0966666666667
"TB",2011-01-24,19.26
"TB",2011-02-15,18.8866666666667
"TB",2011-03-16,21.1
"TB",2011-05-03,19.9333333333333
"TB",2011-06-01,19.755
"TB",2011-06-27,18.2975
"TB",2011-08-23,19.86
"TB",2011-09-20,29.46
"TB",2012-01-10,20.98
"TB",2012-02-20,18.5733333333333
"TB",2012-04-02,20.93
"TB",2012-05-02,19.39
"TB",2012-05-30,20.105
"TB",2012-06-26,20.185
"TB",2012-07-23,19.6875
"TB",2012-08-21,20.0975
"TB",2012-09-19,19.21
"TB",2012-10-16,20.785
"TB",2012-11-05,18.0966666666667
"TB",2013-01-28,20.29
"TB",2013-02-18,18.2033333333333
"TB",2013-03-27,21.1633333333333
"TB",2013-05-13,17.1833333333333
"TB",2013-06-13,18.505
"TB",2013-07-10,21.4425
"TB",2013-08-06,20.9825
"TB",2013-09-04,23.465
"TB",2013-09-30,17.0925
"TB",2013-10-29,24.2566666666667
"TB",2013-11-08,27.4933333333333
"TB",2014-01-24,24.58
"TB",2014-02-20,24.07
"TB",2014-03-28,24.6233333333333
"TB",2014-05-21,23.17
"TB",2014-06-16,25.04
"TB",2014-07-16,26.4075
"TB",2014-08-11,25.195
"TB",2014-09-09,23.9975
"TB",2014-10-06,24.9875
"TB",2014-11-07,24.36
"TB",2015-01-20,25.1
"TB",2015-03-06,27.5366666666667
"TB",2015-03-24,27.5866666666667
"TB",2015-04-21,22.9033333333333
"TB",2015-05-21,29.42
"TB",2015-06-17,26.5575
"TB",2015-07-15,24.3775
"TB",2015-08-11,25.955
"TB",2015-09-10,27.4425
"TB",2015-10-05,28.255
"TB",2015-11-17,27.19
"TB",2016-01-25,25.23
"TB",2016-02-24,26.275
"TB",2016-04-22,27.3833333333333
"TB",2016-05-24,28.305
"TB",2016-06-22,27.1425
"TB",2016-07-19,28.2875
"TB",2016-08-16,27.9725
"TB",2016-09-14,27.6133333333333
"TB",2016-10-10,27.63
"TB",2016-11-16,29.1566666666667
"TB",2017-01-20,25.5366666666667
"TB",2017-02-17,27.7033333333333
"TB",2017-03-29,27.2533333333333
"TB",2017-04-19,26.7266666666667
"TB",2017-05-18,28.9525
"TB",2017-06-15,30.2775
"TB",2017-07-10,33.79
"TB",2017-08-07,29.7533333333333
"TB",2017-09-06,29.7375
"TB",2017-10-02,30.715
"TB",2017-11-06,31.0733333333333
"TB",2018-01-19,29.62
"TB",2018-02-23,31.54
"TB",2018-03-28,31.7533333333333
"TB",2018-05-16,28.9066666666667
"TB",2018-06-12,30.8325
"TB",2018-07-10,30.2675
"TB",2018-08-06,30.6475
"TB",2018-09-06,30.965
"TB",2018-10-01,29.6325
"TB",2018-11-06,30.1166666666667
"TB",2019-01-14,31.98
"TB",2019-02-22,30.4266666666667
"TB",2019-03-25,31.5133333333333
"TB",2019-05-06,30.01
"TB",2019-06-04,30.165
"TB",2019-07-01,30.4175
"TB",2019-07-29,30.17
"TB",2019-08-26,29.5975
"TB",2019-09-24,29.1825
"TB",2019-10-23,29.1025
"TB",2019-11-05,31.86
"TB",2020-01-22,29.3366666666667
"TB",2020-02-17,28.75
"TB",2020-04-30,28.2733333333333
"TB",2020-06-03,30.05
"TB",2020-07-01,31.2225
"TB",2020-08-05,32.1775
"TB",2020-09-09,32.2625
"TB",2020-10-12,30.515
"TB",2020-10-28,33.3566666666667
"TB",2021-01-20,33.6266666666667
"TB",2021-02-25,34.2566666666667
"TB",2021-04-09,30.2566666666667
"TB",2021-05-05,31.5875
"TB",2021-06-04,31.5433333333333
"TB",2021-06-30,22.4433333333333
"TB",2021-07-28,31.8575
"TB",2021-08-24,31.565
"TB",2021-09-23,31.775
"TB",2021-10-18,29.85
"TB",2021-11-16,32.8766666666667
"TB",2022-02-07,28.8866666666667
"TB",2022-02-16,29.52
"TB",2022-03-15,28.0833333333333
"TB",2022-05-06,27.93
"TB",2022-06-02,29.2325
"TB",2022-06-29,29.3775
"TB",2022-07-26,30.055
"TB",2022-08-26,28.975
"TB",2022-09-20,30.245
"TB",2022-10-17,30.6725
"TB",2022-11-15,30.16
"TR",1985-08-20,2.855
"TR",1986-03-04,2.5725
"TR",1986-04-22,2.77
"TR",1986-05-21,2.784
"TR",1986-06-17,2.59166666666667
"TR",1986-07-15,2.64
"TR",1986-08-12,3.10333333333333
"TR",1986-09-09,2.63333333333333
"TR",1986-10-06,2.79333333333333
"TR",1986-11-04,2.7275
"TR",1987-01-13,2.6675
"TR",1987-02-26,2.744
"TR",1987-03-26,2.77
"TR",1987-04-22,2.50666666666667
"TR",1987-05-19,2.83833333333333
"TR",1987-06-12,2.68166666666667
"TR",1987-07-15,2.805
"TR",1987-08-10,3.08555555555556
"TR",1987-09-09,2.84
"TR",1987-10-08,2.70666666666667
"TR",1987-11-03,2.6825
"TR",1988-01-18,2.766
"TR",1988-03-03,3.02444444444444
"TR",1988-04-07,2.525
"TR",1988-04-28,2.6525
"TR",1988-05-23,2.885
"TR",1988-06-21,2.99833333333333
"TR",1988-07-19,3.10833333333333
"TR",1988-08-15,3.31666666666667
"TR",1988-09-14,2.885
"TR",1988-10-12,2.87
"TR",1988-11-07,2.9
"TR",1989-01-16,2.8525
"TR",1989-02-21,3.5625
"TR",1989-03-28,3.0675
"TR",1989-05-03,2.7425
"TR",1989-05-31,2.65833333333333
"TR",1989-06-28,2.89666666666667
"TR",1989-07-26,3.31333333333333
"TR",1989-08-23,3.21166666666667
"TR",1989-09-18,2.72333333333333
"TR",1989-10-17,2.6025
"TR",1989-11-13,2.8075
"TR",1990-01-16,2.8925
"TR",1990-02-21,2.6925
"TR",1990-03-30,2.6375
"TR",1990-05-02,2.7775
"TR",1990-05-29,2.72833333333333
"TR",1990-06-25,2.74333333333333
"TR",1990-07-23,2.84833333333333
"TR",1990-08-20,2.88
"TR",1990-09-18,2.93
"TR",1990-10-15,2.68
"TR",1990-11-13,2.75333333333333
"TR",1991-01-15,2.995
"TR",1991-02-20,2.7675
"TR",1991-04-01,2.6325
"TR",1991-05-08,2.81
"TR",1991-06-04,3.025
"TR",1991-07-03,3.04166666666667
"TR",1991-07-31,3.13
"TR",1991-08-28,3.14666666666667
"TR",1991-09-27,2.768
"TR",1991-11-11,3.12
"TR",1992-01-14,3.0825
"TR",1992-03-04,2.905
"TR",1992-03-25,2.765
"TR",1992-05-11,2.6675
"TR",1992-06-03,2.79166666666667
"TR",1992-07-06,3.06166666666667
"TR",1992-07-27,2.73333333333333
"TR",1992-08-24,2.835
"TR",1992-09-21,2.77
"TR",1992-10-19,2.68166666666667
"TR",1992-11-10,2.765
"TR",1993-01-12,2.745
"TR",1993-03-01,2.645
"TR",1993-03-22,2.6075
"TR",1993-05-10,2.805
"TR",1993-06-01,3.095
"TR",1993-06-29,2.99
"TR",1993-07-27,2.85833333333333
"TR",1993-08-25,2.96333333333333
"TR",1993-09-20,2.73666666666667
"TR",1993-10-18,2.79333333333333
"TR",1993-11-08,2.8975
"TR",1994-01-27,2.83
"TR",1994-02-23,2.73
"TR",1994-04-04,2.6475
"TR",1994-05-04,2.63
"TR",1994-06-03,2.73
"TR",1994-06-28,3.145
"TR",1994-07-26,3.11
"TR",1994-08-23,2.93
"TR",1994-09-19,2.80166666666667
"TR",1994-10-19,2.832
"TR",1994-11-15,2.7425
"TR",1995-01-10,2.6775
"TR",1995-02-16,2.6825
"TR",1995-03-21,2.7575
"TR",1995-05-04,2.7925
"TR",1995-06-01,2.71833333333333
"TR",1995-06-29,3.01
"TR",1995-07-26,3.07833333333333
"TR",1995-08-24,3.115
"TR",1995-09-21,2.85666666666667
"TR",1995-10-18,2.775
"TR",1995-11-15,2.87
"TR",1996-01-26,2.745
"TR",1996-02-22,2.7025
"TR",1996-04-02,2.7125
"TR",1996-05-20,2.5775
"TR",1996-06-11,2.70666666666667
"TR",1996-07-09,2.885
"TR",1996-08-05,3.205
"TR",1996-09-06,2.835
"TR",1996-09-30,2.70333333333333
"TR",1996-11-07,2.8225
"TR",1997-01-24,2.7325
"TR",1997-02-21,2.5475
"TR",1997-04-09,2.6275
"TR",1997-05-13,2.605
"TR",1997-06-05,2.66166666666667
"TR",1997-07-02,2.91666666666667
"TR",1997-07-30,3.07166666666667
"TR",1997-08-26,2.8
"TR",1997-09-23,2.79166666666667
"TR",1997-10-23,2.662
"TR",1997-11-11,2.7975
"TR",1998-01-16,2.6525
"TR",1998-02-20,2.6575
"TR",1998-03-20,2.69
"TR",1998-04-21,2.5575
"TR",1998-05-21,2.58166666666667
"TR",1998-06-16,5.32
"TR",1998-07-16,2.79333333333333
"TR",1998-08-13,2.825
"TR",1998-09-11,2.945
"TR",1998-10-08,2.80833333333333
"TR",1998-11-13,2.94
"TR",1999-01-20,2.7
"TR",1999-02-26,2.72
"TR",1999-03-26,2.6975
"TR",1999-05-10,2.66
"TR",1999-06-08,2.785
"TR",1999-06-29,2.83571428571429
"TR",1999-07-27,2.774
"TR",1999-08-23,2.92333333333333
"TR",1999-09-21,2.724
"TR",1999-10-18,3.13166666666667
"TR",1999-11-08,2.7725
"TR",2000-01-19,3.11
"TR",2000-02-24,2.56
"TR",2000-04-10,2.425
"TR",2000-05-01,2.7625
"TR",2000-05-31,2.56333333333333
"TR",2000-06-27,2.735
"TR",2000-07-25,2.73833333333333
"TR",2000-08-22,2.93833333333333
"TR",2000-09-19,2.79666666666667
"TR",2000-10-18,2.66
"TR",2000-11-22,2.865
"TR",2001-01-25,2.7125
"TR",2001-02-27,2.2375
"TR",2001-04-06,2.6625
"TR",2001-05-02,2.82
"TR",2001-05-30,2.7
"TR",2001-06-27,3.10833333333333
"TR",2001-07-26,2.735
"TR",2001-08-22,2.88666666666667
"TR",2001-09-19,2.872
"TR",2001-10-18,2.522
"TR",2001-11-14,2.955
"TR",2002-01-21,3.0275
"TR",2002-02-25,2.7575
"TR",2002-04-03,2.6425
"TR",2002-04-26,2.5875
"TR",2002-05-21,2.7525
"TR",2002-06-19,2.9
"TR",2002-07-15,3.058
"TR",2002-08-13,3.245
"TR",2002-09-11,2.90333333333333
"TR",2002-10-08,2.52833333333333
"TR",2002-10-23,2.32
"TR",2002-11-06,2.9
"TR",2003-01-16,3.07166666666667
"TR",2003-03-11,3.1875
"TR",2003-04-03,2.8175
"TR",2003-05-01,2.2625
"TR",2003-05-29,2.95333333333333
"TR",2003-06-24,2.76
"TR",2003-07-22,3.065
"TR",2003-08-19,3.32
"TR",2003-09-22,2.88
"TR",2003-10-15,2.86
"TR",2003-11-21,5.8875
"TR",2004-01-27,2.64333333333333
"TR",2004-02-16,2.755
"TR",2004-03-30,2.5825
"TR",2004-04-28,2.8725
"TR",2004-05-26,2.7675
"TR",2004-06-23,2.85333333333333
"TR",2004-07-20,2.88166666666667
"TR",2004-08-19,2.70666666666667
"TR",2004-09-21,2.59833333333333
"TR",2004-10-14,2.748
"TR",2004-11-10,2.7825
"TR",2005-01-21,2.4225
"TR",2005-03-03,2.9275
"TR",2005-04-05,2.715
"TR",2005-04-21,2.625
"TR",2005-05-17,2.81
"TR",2005-06-16,3.554
"TR",2005-07-13,3.09833333333333
"TR",2005-08-11,2.85
"TR",2005-09-07,2.88
"TR",2005-10-07,2.97
"TR",2005-11-14,2.8975
"TR",2006-01-20,2.4475
"TR",2006-02-14,2.66
"TR",2006-04-05,2.02
"TR",2006-04-21,2.5875
"TR",2006-05-17,2.4675
"TR",2006-07-10,3.022
"TR",2006-08-08,2.94166666666667
"TR",2006-09-06,2.548
"TR",2006-10-03,2.742
"TR",2006-10-30,2.7925
"TR",2007-01-18,2.38
"TR",2007-02-26,2.475
"TR",2007-03-29,2.505
"TR",2007-04-26,2.655
"TR",2007-05-23,2.79
"TR",2007-06-20,2.63
"TR",2007-07-17,2.765
"TR",2007-08-14,2.705
"TR",2007-09-12,2.684
"TR",2007-10-11,2.756
"TR",2007-11-13,2.715
"TR",2008-02-01,2.845
"TR",2008-02-27,2.845
"TR",2008-03-28,2.7125
"TR",2008-05-12,3.17
"TR",2008-06-04,2.805
"TR",2008-07-03,2.79333333333333
"TR",2008-07-31,2.96
"TR",2008-08-27,3.13166666666667
"TR",2008-09-25,2.754
"TR",2008-10-23,2.616
"TR",2008-11-11,2.8625
"TR",2009-01-19,3.3125
"TR",2009-02-16,2.765
"TR",2009-03-23,2.4175
"TR",2009-04-30,2.86
"TR",2009-05-28,2.6775
"TR",2009-06-24,3.155
"TR",2009-07-20,3.12
"TR",2009-08-18,2.82666666666667
"TR",2009-09-15,2.61666666666667
"TR",2009-10-13,2.586
"TR",2009-11-10,2.8375
"TR",2010-01-13,3.0825
"TR",2010-02-10,2.8
"TR",2010-05-13,1.64
"TR",2010-06-09,2.47666666666667
"TR",2010-07-07,2.945
"TR",2010-08-04,2.35333333333333
"TR",2010-09-02,2.46
"TR",2010-09-29,2.38
"TR",2010-10-25,15.202
"TR",2010-11-12,12.565
"TR",2011-02-16,2.32
"TR",2011-03-17,2.2025
"TR",2011-05-04,2.35
"TR",2011-06-02,2.45333333333333
"TR",2011-06-29,2.23666666666667
"TR",2011-08-25,2.36833333333333
"TR",2012-01-16,2.7175
"TR",2012-02-22,2.4325
"TR",2012-04-04,2.535
"TR",2012-05-01,2.63
"TR",2012-05-31,2.52833333333333
"TR",2012-06-25,2.695
"TR",2012-07-24,2.77
"TR",2012-08-21,2.54
"TR",2012-09-21,2.615
"TR",2012-10-16,2.4975
"TR",2012-11-09,2.7775
"TR",2013-01-15,2.6075
"TR",2013-02-21,2.385
"TR",2013-03-28,12.6975
"TR",2013-05-16,2.275
"TR",2013-06-12,2.45833333333333
"TR",2013-07-09,2.79
"TR",2013-08-06,2.69
"TR",2013-09-05,3.20833333333333
"TR",2013-10-02,2.218
"TR",2013-10-30,2.37666666666667
"TR",2013-11-14,3.185
"TR",2014-01-16,2.52
"TR",2014-02-19,2.625
"TR",2014-03-26,2.4975
"TR",2014-05-22,2.35
"TR",2014-06-19,2.49833333333333
"TR",2014-07-16,2.66833333333333
"TR",2014-08-14,2.61666666666667
"TR",2014-09-11,2.41666666666667
"TR",2014-10-09,2.49333333333333
"TR",2014-11-12,2.525
"TR",2015-01-15,2.44
"TR",2015-03-02,2.43
"TR",2015-03-27,2.6175
"TR",2015-04-24,2.475
"TR",2015-05-21,3
"TR",2015-06-18,2.68833333333333
"TR",2015-07-16,2.73333333333333
"TR",2015-08-13,2.87833333333333
"TR",2015-09-11,2.97
"TR",2015-10-08,2.85
"TR",2015-11-18,2.755
"TR",2016-02-01,3.2225
"TR",2016-03-01,2.4675
"TR",2016-04-27,2.5275
"TR",2016-05-26,2.58833333333333
"TR",2016-06-23,2.58333333333333
"TR",2016-07-22,2.67166666666667
"TR",2016-08-19,2.43666666666667
"TR",2016-09-15,2.83
"TR",2016-10-13,2.4925
"TR",2016-11-15,2.4425
"TR",2017-01-19,2.3725
"TR",2017-02-13,2.4775
"TR",2017-03-22,2.4675
"TR",2017-04-21,2.755
"TR",2017-05-19,2.9875
"TR",2017-06-16,3.00166666666667
"TR",2017-07-13,3.0875
"TR",2017-08-10,2.98166666666667
"TR",2017-09-08,2.84833333333333
"TR",2017-10-05,2.77
"TR",2017-11-14,2.69666666666667
"TR",2018-01-24,3.1825
"TR",2018-02-21,2.84333333333333
"TR",2018-03-29,2.645
"TR",2018-05-17,2.755
"TR",2018-07-12,2.845
"TR",2018-08-09,2.84833333333333
"TR",2018-09-07,2.79666666666667
"TR",2018-10-04,2.732
"TR",2018-11-14,2.65
"TR",2019-01-17,2.825
"TR",2019-02-21,2.705
"TR",2019-03-28,2.53
"TR",2019-05-10,2.7475
"TR",2019-06-06,3.02
"TR",2019-07-03,3.05666666666667
"TR",2019-08-01,3.22
"TR",2019-08-29,3.005
"TR",2019-09-26,2.9
"TR",2019-10-24,2.706
"TR",2019-11-18,2.6675
"TR",2020-01-23,2.68
"TR",2020-02-24,2.495
"TR",2020-05-05,2.5875
"TR",2020-06-05,2.845
"TR",2020-07-06,2.97666666666667
"TR",2020-08-06,2.86666666666667
"TR",2020-09-10,3.062
"TR",2020-10-16,2.716
"TR",2020-11-05,2.735
"TR",2021-01-26,2.6325
"TR",2021-02-24,2.5775
"TR",2021-04-12,2.5275
"TR",2021-05-06,2.715
"TR",2021-06-07,2.80833333333333
"TR",2021-07-01,2.85666666666667
"TR",2021-07-29,3.00166666666667
"TR",2021-08-26,3.00833333333333
"TR",2021-09-24,2.93166666666667
"TR",2021-10-22,2.65833333333333
"TR",2021-11-24,2.81
"TR",2022-02-08,2.5725
"TR",2022-03-01,2.6525
"TR",2022-03-17,2.4425
"TR",2022-05-09,3.8575
"TR",2022-06-03,2.515
"TR",2022-07-01,2.65833333333333
"TR",2022-07-28,2.54833333333333
"TR",2022-08-30,10.17
"TR",2022-09-23,2.59333333333333
"TR",2022-10-21,2.705
